-- Professeur
INSERT INTO personne VALUES (1, 'Dumoulin', '1973-3-17', true, 23);
INSERT INTO prénom VALUES (1, 'Vivienne');
INSERT INTO professeur VALUES (1, 'VDN');

INSERT INTO personne VALUES(2, 'Parent', '1987-10-5', true, 45);
INSERT INTO prénom VALUES (2, 'Pierre');
INSERT INTO professeur VALUES (2, 'PPT');

INSERT INTO personne VALUES(3, 'Charest', '1992-5-21', true, 12);
INSERT INTO prénom VALUES (3, 'Antoine');
INSERT INTO professeur VALUES (3, 'ACT');

INSERT INTO personne VALUES(4, 'Lamour', '1971-1-30', true, 62);
INSERT INTO prénom VALUES (4, 'Yves');
INSERT INTO professeur VALUES (4, 'YLR');

INSERT INTO personne VALUES(5, 'Doucet', '1989-7-3', true, 32);
INSERT INTO prénom VALUES (5, 'Grégoire');
INSERT INTO professeur VALUES (5, 'GDT');

INSERT INTO personne VALUES(6, 'Crête', '1971-5-25', true, 45);
INSERT INTO prénom VALUES (6, 'Rémy');
INSERT INTO professeur VALUES (6, 'RCE');

INSERT INTO personne VALUES(107, 'Lefèbvre', '1985-12-12', true, 32);
INSERT INTO prénom VALUES (107, 'Antoine');
INSERT INTO professeur VALUES (107, 'ALE');

INSERT INTO personne VALUES(108, 'Somer', '1973-1-31', true, 10);
INSERT INTO prénom VALUES (108, 'René');
INSERT INTO professeur VALUES (108, 'RSR');

INSERT INTO personne VALUES(109, 'Dupuis', '1977-11-23', true, 39);
INSERT INTO prénom VALUES (109, 'Thomas');
INSERT INTO professeur VALUES (109, 'TDS');

INSERT INTO personne VALUES(110, 'Berthiaume', '1981-02-14', true, 52);
INSERT INTO prénom VALUES (110, 'Jacques');
INSERT INTO professeur VALUES (110, 'JBE');

INSERT INTO personne VALUES(111, 'Fortier', '1977-05-7', true, 20);
INSERT INTO prénom VALUES (111, 'Michel');
INSERT INTO professeur VALUES (111, 'MFR');

INSERT INTO personne VALUES(112, 'Chandonnet', '1987-07-16', true, 42);
INSERT INTO prénom VALUES (112, 'Emile');
INSERT INTO professeur VALUES (112, 'ECT');

INSERT INTO personne VALUES(113, 'Montminy', '1969-08-26', true, 15);
INSERT INTO prénom VALUES (113, 'Eliot');
INSERT INTO professeur VALUES (113, 'EMY');

INSERT INTO personne VALUES(114, 'Rocher', '1971-09-12', true, 53);
INSERT INTO prénom VALUES (114, 'Roger');
INSERT INTO professeur VALUES (114, 'RRR');

INSERT INTO personne VALUES(115, 'Hamilton', '1968-05-05', true, 42);
INSERT INTO prénom VALUES (115, 'David');
INSERT INTO professeur VALUES (115, 'DHN');

INSERT INTO personne VALUES(116, 'Daigneault', '1980-04-13', true, 28);
INSERT INTO prénom VALUES (116, 'Gabriel');
INSERT INTO professeur VALUES (116, 'GDL');

INSERT INTO personne VALUES(117, 'Raymond', '1959-03-27', true, 27);
INSERT INTO prénom VALUES (117, 'Henri');
INSERT INTO professeur VALUES (117, 'HRD');

INSERT INTO personne VALUES(118, 'Trudeau', '1970-12-13', true, 21);
INSERT INTO prénom VALUES (118, 'Christiane');
INSERT INTO professeur VALUES (118, 'CTU');

INSERT INTO personne VALUES(119, 'Cloutier', '1972-08-08', true, 35);
INSERT INTO prénom VALUES (119, 'Didier');
INSERT INTO professeur VALUES (119, 'DCR');

INSERT INTO personne VALUES(120, 'Simard', '1977-10-12', false, 51);
INSERT INTO prénom VALUES (120, 'Nicolas');
INSERT INTO professeur VALUES (120, 'NSD');

INSERT INTO personne VALUES(121, 'Brousseau', '1959-04-03', false, 10);
INSERT INTO prénom VALUES (121, 'Alexandre');
INSERT INTO professeur VALUES (121, 'ABU');

INSERT INTO personne VALUES(122, 'Alphonse', '1972-09-08', false, 27);
INSERT INTO prénom VALUES (122, 'Robert');
INSERT INTO professeur VALUES (122, 'RAE');

INSERT INTO personne VALUES(123, 'Joly', '1983-02-19', false, 34);
INSERT INTO prénom VALUES (123, 'Gaetan');
INSERT INTO professeur VALUES (123, 'GJY');

INSERT INTO personne VALUES(124, 'Poirier', '1969-07-02', false, 23);
INSERT INTO prénom VALUES (124, 'Lucas');
INSERT INTO professeur VALUES (124, 'LPR');

INSERT INTO personne VALUES(125, 'Caisse', '1982-09-30', false, 45);
INSERT INTO prénom VALUES (125, 'Patrick');
INSERT INTO professeur VALUES (125, 'PCE');

INSERT INTO personne VALUES(126, 'Émond', '1985-05-23', false, 53);
INSERT INTO prénom VALUES (126, 'Sébastien');
INSERT INTO professeur VALUES (126, 'SED');

INSERT INTO personne VALUES(127, 'Labelle', '1981-09-28', false, 42);
INSERT INTO prénom VALUES (127, 'Adrien');
INSERT INTO professeur VALUES (127, 'ADE');

INSERT INTO personne VALUES(128, 'Pinette', '1983-04-13', false, 12);
INSERT INTO prénom VALUES (128, 'David');
INSERT INTO professeur VALUES (128, 'DPE');

INSERT INTO personne VALUES(129, 'Giroux', '1971-12-09', false, 21);
INSERT INTO prénom VALUES (129, 'Alfred');
INSERT INTO professeur VALUES (129, 'AGX');

INSERT INTO personne VALUES(130, 'Bernard', '1965-01-01', false, 34);
INSERT INTO prénom VALUES (130, 'Christian');
INSERT INTO professeur VALUES (130, 'CBD');

INSERT INTO personne VALUES(131, 'Valiant', '1969-03-14', false, 15);
INSERT INTO prénom VALUES (131, 'Gabriel');
INSERT INTO professeur VALUES (131, 'GVT');

INSERT INTO personne VALUES(132, 'Desruisseaux', '1974-02-14', false, 46);
INSERT INTO prénom VALUES (132, 'Thierry');
INSERT INTO professeur VALUES (132, 'TDX');

INSERT INTO personne VALUES(133, 'Langlais', '1985-06-28', false, 23);
INSERT INTO prénom VALUES (133, 'Sylvie');
INSERT INTO professeur VALUES (133, 'SLS');

INSERT INTO personne VALUES(134, 'Rochefort', '1969-11-01', false, 39);
INSERT INTO prénom VALUES (134, 'Guillaume');
INSERT INTO professeur VALUES (134, 'GRT');

INSERT INTO personne VALUES(135, 'Boulé', '1965-04-23', false, 58);
INSERT INTO prénom VALUES (135, 'Ernest');
INSERT INTO professeur VALUES (135, 'EBE');

-- Semestres
-- 2021
INSERT INTO semestre VALUES (2021, 1, 38, 6);
INSERT INTO semestre VALUES (2021, 2, 8, 27);

--2020
INSERT INTO semestre VALUES (2020, 1, 38, 6);
INSERT INTO semestre VALUES (2020, 2, 8, 27);

-- Plage horaire
INSERT INTO plagehoraire VALUES (0, '08:30', '09:15');
INSERT INTO plagehoraire VALUES (1, '09:15', '10:00');
INSERT INTO plagehoraire VALUES (2, '10:25', '11:10');
INSERT INTO plagehoraire VALUES (3, '11:15', '12:00');
INSERT INTO plagehoraire VALUES (4, '12:00', '12:45');
INSERT INTO plagehoraire VALUES (5, '13:15', '14:00');
INSERT INTO plagehoraire VALUES (6, '14:00', '14:45');
INSERT INTO plagehoraire VALUES (7, '14:55', '15:40');
INSERT INTO plagehoraire VALUES (8, '15:45', '16:30');
INSERT INTO plagehoraire VALUES (9, '16:35', '17:20');
INSERT INTO plagehoraire VALUES (10, '17:20', '18:05');

-- Bâtiment
INSERT INTO bâtiment VALUES ('Cheseaux', 200);
INSERT INTO bâtiment VALUES ('St-Roch', 0);
INSERT INTO bâtiment VALUES ('Y-Parc', 0);

-- Salle

-- Cheseaux
-- Etage A
INSERT INTO salle VALUES (101, 'Cheseaux');
INSERT INTO salle VALUES (105, 'Cheseaux');
INSERT INTO salle VALUES (106, 'Cheseaux');
INSERT INTO salle VALUES (107, 'Cheseaux');
INSERT INTO salle VALUES (109, 'Cheseaux');

-- Etage B
INSERT INTO salle VALUES (201, 'Cheseaux');
INSERT INTO salle VALUES (203, 'Cheseaux');
INSERT INTO salle VALUES (205, 'Cheseaux');
INSERT INTO salle VALUES (208, 'Cheseaux');
INSERT INTO salle VALUES (210, 'Cheseaux');
INSERT INTO salle VALUES (223, 'Cheseaux');
INSERT INTO salle VALUES (226, 'Cheseaux');

-- Etage C
INSERT INTO salle VALUES (305, 'Cheseaux');
INSERT INTO salle VALUES (306, 'Cheseaux');
INSERT INTO salle VALUES (323, 'Cheseaux');
INSERT INTO salle VALUES (333, 'Cheseaux');
INSERT INTO salle VALUES (337, 'Cheseaux');
INSERT INTO salle VALUES (338, 'Cheseaux');
INSERT INTO salle VALUES (341, 'Cheseaux');

-- Etage D
INSERT INTO salle VALUES (401, 'Cheseaux');
INSERT INTO salle VALUES (405, 'Cheseaux');
INSERT INTO salle VALUES (407, 'Cheseaux');
INSERT INTO salle VALUES (410, 'Cheseaux');
INSERT INTO salle VALUES (451, 'Cheseaux');

-- Etage F
INSERT INTO salle VALUES (601, 'Cheseaux');

-- Etage G
INSERT INTO salle VALUES (701, 'Cheseaux');
INSERT INTO salle VALUES (702, 'Cheseaux');
INSERT INTO salle VALUES (703, 'Cheseaux');
INSERT INTO salle VALUES (704, 'Cheseaux');
INSERT INTO salle VALUES (705, 'Cheseaux');

-- Etage H
INSERT INTO salle VALUES (801, 'Cheseaux');
INSERT INTO salle VALUES (802, 'Cheseaux');
INSERT INTO salle VALUES (803, 'Cheseaux');
INSERT INTO salle VALUES (804, 'Cheseaux');
INSERT INTO salle VALUES (805, 'Cheseaux');

-- Etage H
INSERT INTO salle VALUES (901, 'Cheseaux');
INSERT INTO salle VALUES (902, 'Cheseaux');
INSERT INTO salle VALUES (903, 'Cheseaux');
INSERT INTO salle VALUES (904, 'Cheseaux');
INSERT INTO salle VALUES (905, 'Cheseaux');
INSERT INTO salle VALUES (906, 'Cheseaux');

-- Etage I
INSERT INTO salle VALUES (1001, 'Cheseaux');
INSERT INTO salle VALUES (1002, 'Cheseaux');
INSERT INTO salle VALUES (1003, 'Cheseaux');
INSERT INTO salle VALUES (1004, 'Cheseaux');

-- St-Roch
INSERT INTO salle VALUES (101, 'St-Roch');
INSERT INTO salle VALUES (105, 'St-Roch');
INSERT INTO salle VALUES (107, 'St-Roch');
INSERT INTO salle VALUES (109, 'St-Roch');

-- Y-Parc
INSERT INTO salle VALUES (101, 'Y-Parc');
INSERT INTO salle VALUES (105, 'Y-Parc');
INSERT INTO salle VALUES (107, 'Y-Parc');
INSERT INTO salle VALUES (109, 'Y-Parc');

-- Type Leçon
INSERT INTO typeleçon VALUES('Cours');
INSERT INTO typeleçon VALUES('Labo');

-- Type Test
INSERT INTO typetest VALUES('TE', 0.5);
INSERT INTO typetest VALUES('TP', 0.2);

-- Statut
INSERT INTO statut VALUES('Réussite');
INSERT INTO statut VALUES('Echec');
INSERT INTO statut VALUES('Abandon');
INSERT INTO statut VALUES('En cours');

-- 2021

-- Semestre 1
-- 1ere année
INSERT INTO cours VALUES(0, 'MAD', 38, 21, 1, 1, 2021);
INSERT INTO cours VALUES(1, 'PRG1', 38, 21, 1, 1, 2021);
INSERT INTO cours VALUES(2, 'MAT1', 38, 21, 1, 1, 2021);
INSERT INTO cours VALUES(3, 'EXP', 38, 21, 1, 1, 2021);
INSERT INTO cours VALUES(4, 'RXI', 38, 21, 1, 1, 2021);
INSERT INTO cours VALUES(5, 'SYL', 38, 21, 1, 1, 2021);

INSERT INTO cours VALUES(41, 'MAD', 38, 21, 1, 1, 2020);
INSERT INTO cours VALUES(42, 'PRG1', 38, 21, 1, 1, 2020);
INSERT INTO cours VALUES(43, 'MAT1', 38, 21, 1, 1, 2020);
INSERT INTO cours VALUES(44, 'EXP', 38, 21, 1, 1, 2020);
INSERT INTO cours VALUES(45, 'RXI', 38, 21, 1, 1, 2020);
INSERT INTO cours VALUES(46, 'SYL', 38, 21, 1, 1, 2020);

-- Semestre 2
-- 1ere année
INSERT INTO cours VALUES(20, 'ARO', 8, 20, 1, 2, 2021);
INSERT INTO cours VALUES(21, 'ISI', 8, 20, 1, 2, 2021);
INSERT INTO cours VALUES(22, 'ASD', 8, 20, 1, 2, 2021);
INSERT INTO cours VALUES(23, 'MAT2', 8, 20, 1, 2, 2021);
INSERT INTO cours VALUES(24, 'ISD', 8, 20, 1, 2, 2021);
INSERT INTO cours VALUES(25, 'ANG', 8, 20, 1, 2, 2021);
INSERT INTO cours VALUES(26, 'PRG2', 8, 20, 1, 2, 2021);

-- 2eme année
INSERT INTO cours VALUES(6, 'API', 38, 21, 2, 1, 2021);
INSERT INTO cours VALUES(7, 'SYE', 38, 21, 2, 1, 2021);
INSERT INTO cours VALUES(8, 'MAT3', 38, 21, 2, 1, 2021);
INSERT INTO cours VALUES(9, 'PCO', 38, 21, 2, 1, 2021);
INSERT INTO cours VALUES(10, 'BDR', 38, 21, 2, 1, 2021);
INSERT INTO cours VALUES(11, 'PST', 38, 21, 2, 1, 2021);
INSERT INTO cours VALUES(12, 'POO', 38, 21, 2, 1, 2021);

--3ème année

INSERT INTO cours VALUES(47, 'AMT', 8, 20, 3, 1, 2021);
INSERT INTO cours VALUES(48, 'AIT', 8, 20, 3, 1, 2021);
INSERT INTO cours VALUES(49, 'GET', 8, 20, 3, 1, 2021);
INSERT INTO cours VALUES(50, 'SYM', 8, 20, 3, 1, 2021);
INSERT INTO cours VALUES(51, 'WEB', 8, 20, 3, 1, 2021);
INSERT INTO cours VALUES(52, 'AST', 8, 20, 3, 1, 2021);
INSERT INTO cours VALUES(53, 'STI', 8, 20, 3, 1, 2021);
INSERT INTO cours VALUES(54, 'GRX', 8, 20, 3, 1, 2021);
INSERT INTO cours VALUES(55, 'IHM', 8, 20, 3, 1, 2021);
INSERT INTO cours VALUES(56, 'MAC', 8, 20, 3, 1, 2021);
INSERT INTO cours VALUES(57, 'PDG', 8, 20, 3, 1, 2021);
INSERT INTO cours VALUES(58, 'PRR', 8, 20, 3, 1, 2021);

-- Leçon

-------------------------------------
-- 3 Classes de 1ère année 2021 - S1
-------------------------------------

-- Classe 1
-- Lundi
INSERT INTO leçon VALUES(0, 1, 2, 2, 'Cours', 903, 'Cheseaux', 2, 1);
INSERT INTO leçon VALUES(1, 2, 3, 5, 'Cours', 105, 'Cheseaux', 2, 1);
INSERT INTO leçon VALUES(2, 3, 4, 7, 'Cours', 105, 'Cheseaux', 2, 1);
INSERT INTO leçon VALUES(3, 4, 5, 9, 'Labo', 205, 'Cheseaux', 2, 1);

-- Mardi
INSERT INTO leçon VALUES(4, 1, 2, 0, 'Labo', 703, 'Cheseaux', 2, 2);
INSERT INTO leçon VALUES(5, 0, 6, 2, 'Cours', 105, 'Cheseaux', 2, 2);

-- Mercredi
INSERT INTO leçon VALUES(6, 1, 2, 0, 'Cours', 901, 'Cheseaux', 2, 3);
INSERT INTO leçon VALUES(7, 5, 1, 2, 'Cours', 109, 'Cheseaux', 2, 3);
INSERT INTO leçon VALUES(8, 5, 1, 5, 'Cours', 223, 'Cheseaux', 2, 3);

-- Jeudi
INSERT INTO leçon VALUES(9, 1, 2, 2, 'Cours', 201, 'Cheseaux', 2, 4);
INSERT INTO leçon VALUES(10, 0, 6, 5, 'Cours', 804, 'Cheseaux', 2, 4);
INSERT INTO leçon VALUES(11, 2, 3, 7, 'Cours', 804, 'Cheseaux', 2, 4);
INSERT INTO leçon VALUES(12, 4, 5, 9, 'Cours', 323, 'Cheseaux', 2, 4);

-- Vendredi
INSERT INTO leçon VALUES(13, 2, 3, 0, 'Cours', 704, 'Cheseaux', 2, 5);
INSERT INTO leçon VALUES(14, 1, 2, 2, 'Cours', 704, 'Cheseaux', 2, 5);
INSERT INTO leçon VALUES(15, 1, 2, 5, 'Cours', 223, 'Cheseaux', 2, 5);

-- Classe 2
-- Lundi
INSERT INTO leçon VALUES(16, 5, 107, 0, 'Cours', 223, 'Cheseaux', 2, 1);
INSERT INTO leçon VALUES(17, 1, 108, 2, 'Cours', 223, 'Cheseaux', 2, 1);
INSERT INTO leçon VALUES(18, 3, 4, 5, 'Cours', 223, 'Cheseaux', 2, 1);
INSERT INTO leçon VALUES(19, 4, 5, 7, 'Cours', 205, 'Cheseaux', 2, 1);

-- Mardi
INSERT INTO leçon VALUES(20, 1, 108, 0, 'Cours', 601, 'Cheseaux', 2, 2);
INSERT INTO leçon VALUES(21, 2, 109, 2, 'Cours', 601, 'Cheseaux', 2, 2);
INSERT INTO leçon VALUES(22, 0, 110, 5, 'Cours', 804, 'Cheseaux', 2, 2);

-- Mercredi
INSERT INTO leçon VALUES(23, 1, 108, 2, 'Cours', 1004, 'Cheseaux', 2, 3);
INSERT INTO leçon VALUES(24, 1, 108, 5, 'Cours', 1004, 'Cheseaux', 2, 3);
INSERT INTO leçon VALUES(25, 2, 109, 7, 'Cours', 1004, 'Cheseaux', 2, 3);

-- Jeudi
INSERT INTO leçon VALUES(26, 5, 107, 2, 'Cours', 107, 'Cheseaux', 2, 4);
INSERT INTO leçon VALUES(27, 2, 109, 5, 'Cours', 704, 'Cheseaux', 2, 4);
INSERT INTO leçon VALUES(28, 0, 110, 7, 'Cours', 704, 'Cheseaux', 2, 4);

-- Vendredi
INSERT INTO leçon VALUES(30, 1, 108, 0, 'Cours', 906, 'Cheseaux', 2, 5);
INSERT INTO leçon VALUES(31, 1, 108, 2, 'Cours', 906, 'Cheseaux', 2, 5);

-- Classe 3
-- Lundi
INSERT INTO leçon VALUES(33, 2, 109, 2, 'Cours', 701, 'Cheseaux', 2, 1);
INSERT INTO leçon VALUES(34, 5, 107, 5, 'Cours', 109, 'Cheseaux', 2, 1);
INSERT INTO leçon VALUES(35, 1, 111, 7, 'Cours', 106, 'Cheseaux', 2, 1);

-- Mardi
INSERT INTO leçon VALUES(36, 3, 4, 0, 'Cours', 323, 'Cheseaux', 2, 2);
INSERT INTO leçon VALUES(37, 1, 111, 2, 'Cours', 323, 'Cheseaux', 2, 2);
INSERT INTO leçon VALUES(38, 2, 109, 5, 'Cours', 701, 'Cheseaux', 2, 2);
INSERT INTO leçon VALUES(39, 4, 5, 7, 'Cours', 205, 'Cheseaux', 2, 2);
INSERT INTO leçon VALUES(40, 0, 110, 9, 'Cours', 701, 'Cheseaux', 2, 2);

-- Mercredi
INSERT INTO leçon VALUES(41, 1, 111, 2, 'Cours', 223, 'Cheseaux', 2, 3);
INSERT INTO leçon VALUES(42, 2, 109, 5, 'Cours', 701, 'Cheseaux', 2, 3);

-- Jeudi
INSERT INTO leçon VALUES(43, 1, 111, 2, 'Cours', 803, 'Cheseaux', 2, 4);
INSERT INTO leçon VALUES(44, 0, 110, 5, 'Cours', 801, 'Cheseaux', 2, 4);

-- Vendredi
INSERT INTO leçon VALUES(162, 4, 5, 0, 'Cours', 223, 'Cheseaux', 2, 5);
INSERT INTO leçon VALUES(163, 1, 111, 2, 'Cours', 223, 'Cheseaux', 2, 5);
INSERT INTO leçon VALUES(164, 1, 111, 5, 'Cours', 323, 'Cheseaux', 2, 5);

-------------------------------------
-- 3 Classes de 1ère année 2020 - S1
-------------------------------------

-- Lundi
INSERT INTO leçon VALUES(46, 42, 2, 1, 'Cours', 701, 'Cheseaux', 2, 1);
INSERT INTO leçon VALUES(47, 44, 4, 3, 'Cours', 701, 'Cheseaux', 2, 1);
INSERT INTO leçon VALUES(48, 43, 109, 6, 'Cours', 341, 'Cheseaux', 2, 1);

-- Mardi
INSERT INTO leçon VALUES(49, 42, 2, 0, 'Cours', 702, 'Cheseaux', 2, 2);
INSERT INTO leçon VALUES(50, 42, 2, 2, 'Cours', 702, 'Cheseaux', 2, 2);
INSERT INTO leçon VALUES(51, 46, 107, 5, 'Cours', 601, 'Cheseaux', 2, 2);

-- Mercredi
INSERT INTO leçon VALUES(52, 41, 112, 0, 'Cours', 702, 'Cheseaux', 2, 3);
INSERT INTO leçon VALUES(53, 46, 107, 2, 'Cours', 107, 'Cheseaux', 2, 3);
INSERT INTO leçon VALUES(54, 43, 109, 5, 'Cours', 341, 'Cheseaux', 2, 3);

-- Jeudi
INSERT INTO leçon VALUES(55, 42, 2, 0, 'Cours', 905, 'Cheseaux', 2, 4);
INSERT INTO leçon VALUES(56, 42, 2, 2, 'Cours', 905, 'Cheseaux', 2, 4);
INSERT INTO leçon VALUES(57, 41, 112, 5, 'Cours', 801, 'Cheseaux', 2, 4);
INSERT INTO leçon VALUES(58, 43, 109, 7, 'Cours', 801, 'Cheseaux', 2, 4);

-- Vendredi
INSERT INTO leçon VALUES(59, 45, 113, 0, 'Cours', 223, 'Cheseaux', 2, 5);
INSERT INTO leçon VALUES(60, 45, 113, 2, 'Cours', 205, 'Cheseaux', 2, 5);
INSERT INTO leçon VALUES(61, 42, 2, 5, 'Cours', 223, 'Cheseaux', 2, 5);

-- Lundi
INSERT INTO leçon VALUES(62, 42, 111, 0, 'Cours', 901, 'Cheseaux', 2, 1);
INSERT INTO leçon VALUES(63, 43, 6, 2, 'Cours', 901, 'Cheseaux', 2, 1);

-- Mardi
INSERT INTO leçon VALUES(64, 42, 111, 0, 'Cours', 901, 'Cheseaux', 2, 2);
INSERT INTO leçon VALUES(65, 43, 112, 2, 'Cours', 901, 'Cheseaux', 2, 2);

-- Mercredi
INSERT INTO leçon VALUES(67, 46, 107, 0, 'Cours', 107, 'Cheseaux', 2, 3);
INSERT INTO leçon VALUES(68, 42, 111, 2, 'Cours', 702, 'Cheseaux', 2, 3);
INSERT INTO leçon VALUES(69, 42, 111, 5, 'Cours', 801, 'Cheseaux', 2, 3);
INSERT INTO leçon VALUES(70, 41, 112, 7, 'Cours', 801, 'Cheseaux', 2, 3);

-- Jeudi
INSERT INTO leçon VALUES(71, 42, 111, 0, 'Cours', 704, 'Cheseaux', 2, 4);
INSERT INTO leçon VALUES(72, 44, 4, 2, 'Cours', 704, 'Cheseaux', 2, 4);
INSERT INTO leçon VALUES(73, 43, 6, 5, 'Cours', 337, 'Cheseaux', 2, 4);
INSERT INTO leçon VALUES(74, 42, 111, 7, 'Cours', 337, 'Cheseaux', 2, 4);

-- Vendredi
INSERT INTO leçon VALUES(76, 43, 6, 2, 'Cours', 801, 'Cheseaux', 2, 5);
INSERT INTO leçon VALUES(77, 45, 113, 5, 'Cours', 205, 'Cheseaux', 2, 5);

-- Classe 3
-- Lundi
INSERT INTO leçon VALUES(78, 43, 109, 2, 'Cours', 906, 'Cheseaux', 2, 1);
INSERT INTO leçon VALUES(79, 46, 114, 5, 'Cours', 109, 'Cheseaux', 2, 1);
INSERT INTO leçon VALUES(80, 45, 5, 7, 'Cours', 223, 'Cheseaux', 2, 1);
INSERT INTO leçon VALUES(81, 45, 5, 9, 'Cours', 201, 'Cheseaux', 2, 1);

-- Mardi
INSERT INTO leçon VALUES(82, 43, 109, 0, 'Cours', 337, 'Cheseaux', 2, 2);
INSERT INTO leçon VALUES(83, 42, 115, 2, 'Cours', 337, 'Cheseaux', 2, 2);
INSERT INTO leçon VALUES(84, 41, 112, 5, 'Cours', 1004, 'Cheseaux', 2, 2);
INSERT INTO leçon VALUES(85, 44, 4, 7, 'Cours', 1004, 'Cheseaux', 2, 2);

-- Mercredi
INSERT INTO leçon VALUES(86, 42, 115, 0, 'Cours', 701, 'Cheseaux', 2, 3);
INSERT INTO leçon VALUES(87, 42, 115, 2, 'Cours', 701, 'Cheseaux', 2, 3);
INSERT INTO leçon VALUES(88, 46, 114, 5, 'Cours', 601, 'Cheseaux', 2, 3);
INSERT INTO leçon VALUES(89, 43, 109, 7, 'Cours', 341, 'Cheseaux', 2, 3);

-- Jeudi
INSERT INTO leçon VALUES(90, 41, 112, 2, 'Cours', 333, 'Cheseaux', 2, 4);
INSERT INTO leçon VALUES(91, 42, 115, 5, 'Cours', 802, 'Cheseaux', 2, 4);

-- Vendredi
INSERT INTO leçon VALUES(92, 42, 115, 0, 'Cours', 803, 'Cheseaux', 2, 5);
INSERT INTO leçon VALUES(93, 42, 115, 2, 'Cours', 803, 'Cheseaux', 2, 5);

-------------------------------------
-- 3 Classes de 1ère année 2020 - S2
-------------------------------------

-- Classe 1

-- Lundi
INSERT INTO leçon VALUES(94, 20, 119, 0, 'Cours', 223, 'Cheseaux', 2, 1);
INSERT INTO leçon VALUES(95, 20, 119, 2, 'Cours', 107, 'Cheseaux', 2, 1);
INSERT INTO leçon VALUES(96, 21, 116, 7, 'Cours', 601, 'Cheseaux', 2, 1);
INSERT INTO leçon VALUES(97, 22, 115, 9, 'Cours', 901, 'Cheseaux', 2, 1);

-- Mardi
INSERT INTO leçon VALUES(98, 23, 6, 0, 'Cours', 801, 'Cheseaux', 2, 2);
INSERT INTO leçon VALUES(99, 26, 2, 2, 'Cours', 701, 'Cheseaux', 2, 2);
INSERT INTO leçon VALUES(100, 22, 115, 5, 'Cours', 323, 'Cheseaux', 2, 2);
INSERT INTO leçon VALUES(101, 22, 115, 7, 'Cours', 101, 'Cheseaux', 2, 2);

-- Mercredi
INSERT INTO leçon VALUES(102, 24, 117, 2, 'Cours', 341, 'Cheseaux', 2, 3);
INSERT INTO leçon VALUES(103, 24, 117, 5, 'Cours', 323, 'Cheseaux', 2, 3);
INSERT INTO leçon VALUES(104, 23, 6, 7, 'Cours', 701, 'Cheseaux', 2, 3);

-- Jeudi
INSERT INTO leçon VALUES(105, 26, 2, 2, 'Cours', 223, 'Cheseaux', 2, 4);
INSERT INTO leçon VALUES(106, 25, 118, 4, 'Cours', 802, 'Cheseaux', 3, 4);
INSERT INTO leçon VALUES(107, 23, 6, 7, 'Cours', 801, 'Cheseaux', 2, 4);

-- Vendredi
INSERT INTO leçon VALUES(108, 22, 115, 5, 'Cours', 601, 'Cheseaux', 2, 5);
INSERT INTO leçon VALUES(109, 21, 116, 7, 'Cours', 801, 'Cheseaux', 2, 5);

-- Classe 3
-- Lundi
INSERT INTO leçon VALUES(110, 23, 109, 0, 'Cours', 223, 'Cheseaux', 2, 1);

-- Mercredi
INSERT INTO leçon VALUES(111, 24, 117, 2, 'Cours', 341, 'Cheseaux', 2, 3);
INSERT INTO leçon VALUES(112, 20, 114, 5, 'Cours', 323, 'Cheseaux', 2, 3);
INSERT INTO leçon VALUES(113, 23, 109, 7, 'Cours', 701, 'Cheseaux', 2, 3);

-- Jeudi
INSERT INTO leçon VALUES(114, 25, 120, 4, 'Cours', 802, 'Cheseaux', 3, 4);
INSERT INTO leçon VALUES(115, 23, 109, 7, 'Cours', 801, 'Cheseaux', 2, 4);

-- Vendredi
INSERT INTO leçon VALUES(116, 21, 116, 5, 'Cours', 601, 'Cheseaux', 2, 5);
INSERT INTO leçon VALUES(117, 20, 114, 7, 'Cours', 801, 'Cheseaux', 2, 5);

-------------------------------------
-- 3 Classes de 2ème année 2021 - S1
-------------------------------------

-- Lundi
INSERT INTO leçon VALUES(118, 7, 121, 0, 'Cours', 701, 'Cheseaux', 2, 1);
INSERT INTO leçon VALUES(119, 8, 110, 2, 'Cours', 901, 'Cheseaux', 2, 1);
INSERT INTO leçon VALUES(120, 9, 122, 5, 'Cours', 323, 'Cheseaux', 2, 1);
INSERT INTO leçon VALUES(121, 10, 2, 7, 'Cours', 323, 'Cheseaux', 2, 1);

-- Mardi
INSERT INTO leçon VALUES(122, 9, 122, 0, 'Cours', 201, 'Cheseaux', 2, 2);
INSERT INTO leçon VALUES(123, 10, 2, 2, 'Cours', 223, 'Cheseaux', 2, 2);
INSERT INTO leçon VALUES(124, 11, 123, 5, 'Cours', 1004, 'Cheseaux', 2, 2);

-- Mercredi
INSERT INTO leçon VALUES(125, 6, 113, 0, 'Cours', 323, 'Cheseaux', 2, 3);
INSERT INTO leçon VALUES(126, 6, 113, 2, 'Cours', 333, 'Cheseaux', 2, 3);
INSERT INTO leçon VALUES(127, 12, 124, 5, 'Cours', 802, 'Cheseaux', 2, 3);

-- Jeudi
INSERT INTO leçon VALUES(128, 10, 2, 0, 'Cours', 223, 'Cheseaux', 2, 4);
INSERT INTO leçon VALUES(129, 7, 121, 2, 'Cours', 105, 'Cheseaux', 2, 4);
INSERT INTO leçon VALUES(130, 12, 124, 5, 'Cours', 802, 'Cheseaux', 2, 4);
INSERT INTO leçon VALUES(131, 12, 124, 7, 'Cours', 802, 'Cheseaux', 2, 4);

-- Vendredi
INSERT INTO leçon VALUES(132, 8, 110, 1, 'Cours', 1004, 'Cheseaux', 2, 5);
INSERT INTO leçon VALUES(133, 11, 123, 5, 'Cours', 801, 'Cheseaux', 2, 5);

-- Classe 3
-- Lundi
INSERT INTO leçon VALUES(134, 7, 1, 0, 'Cours', 901, 'Cheseaux', 2, 1);
INSERT INTO leçon VALUES(135, 8, 6, 2, 'Cours', 702, 'Cheseaux', 2, 1);

-- Mardi
INSERT INTO leçon VALUES(136, 12, 125, 0, 'Cours', 1004, 'Cheseaux', 2, 2);
INSERT INTO leçon VALUES(137, 11, 126, 2, 'Cours', 801, 'Cheseaux', 2, 2);
INSERT INTO leçon VALUES(139, 10, 2, 5, 'Cours', 323, 'Cheseaux', 2, 2);
INSERT INTO leçon VALUES(140, 10, 2, 7, 'Cours', 337, 'Cheseaux', 2, 2);
INSERT INTO leçon VALUES(141, 7, 1, 9, 'Cours', 105, 'Cheseaux', 2, 2);

-- Mercredi
INSERT INTO leçon VALUES(143, 10, 2, 2, 'Cours', 323, 'Cheseaux', 2, 3);
INSERT INTO leçon VALUES(144, 8, 6, 5, 'Cours', 704, 'Cheseaux', 2, 3);

-- Jeudi
INSERT INTO leçon VALUES(145, 6, 113, 2, 'Cours', 223, 'Cheseaux', 2, 4);
INSERT INTO leçon VALUES(146, 9, 122, 5, 'Cours', 105, 'Cheseaux', 2, 4);

-- Vendredi
INSERT INTO leçon VALUES(147, 12, 125, 0, 'Cours', 902, 'Cheseaux', 2, 5);
INSERT INTO leçon VALUES(148, 12, 125, 2, 'Cours', 902, 'Cheseaux', 2, 5);
INSERT INTO leçon VALUES(149, 11, 126, 5, 'Cours', 701, 'Cheseaux', 2, 5);

-------------------------------------
-- 2 Classes de 3ème année 2021 - S1
-------------------------------------

-- Classe 1

-- Lundi
INSERT INTO leçon VALUES(150, 47, 127, 5, 'Cours', 705, 'Cheseaux', 3, 1);
INSERT INTO leçon VALUES(151, 48, 128, 9, 'Cours', 901, 'Cheseaux', 2, 1);

-- Mardi
INSERT INTO leçon VALUES(152, 50, 130, 5, 'Cours', 223, 'Cheseaux', 2, 2);
INSERT INTO leçon VALUES(153, 49, 4, 7, 'Cours', 341, 'Cheseaux', 2, 2);

-- Mercredi
INSERT INTO leçon VALUES(154, 50, 130, 2, 'Cours', 601, 'Cheseaux', 2, 3);
INSERT INTO leçon VALUES(155, 51, 131, 5, 'Cours', 601, 'Cheseaux', 3, 3);
INSERT INTO leçon VALUES(156, 53, 129, 10, 'Cours', 223, 'Cheseaux', 1, 3);

-- Jeudi
INSERT INTO leçon VALUES(157, 52, 132, 1, 'Cours', 802, 'Cheseaux', 3, 4);
INSERT INTO leçon VALUES(158, 53, 129, 5, 'Cours', 223, 'Cheseaux', 2, 4);
INSERT INTO leçon VALUES(159, 54, 5, 7, 'Cours', 205, 'Cheseaux', 2, 4);
INSERT INTO leçon VALUES(160, 48, 128, 9, 'Cours', 223, 'Cheseaux', 2, 4);

-- Vendredi
INSERT INTO leçon VALUES(161, 51, 131, 1, 'Cours', 323, 'Cheseaux', 3, 5);
INSERT INTO leçon VALUES(162, 52, 132, 5, 'Cours', 906, 'Cheseaux', 2, 5);
INSERT INTO leçon VALUES(163, 47, 127, 7, 'Cours', 601, 'Cheseaux', 3, 5);

-- Classe 2

-- Lundi
INSERT INTO leçon VALUES(164, 47, 127, 1, 'Cours', 601, 'Cheseaux', 3, 1);
INSERT INTO leçon VALUES(165, 55, 117, 5, 'Cours', 337, 'Cheseaux', 2, 1);
INSERT INTO leçon VALUES(166, 56, 133, 7, 'Cours', 801, 'Cheseaux', 2, 1);
INSERT INTO leçon VALUES(167, 56, 133, 9, 'Cours', 801, 'Cheseaux', 2, 1);

-- Mardi
INSERT INTO leçon VALUES(168, 49, 4, 2, 'Cours', 705, 'Cheseaux', 2, 2);
INSERT INTO leçon VALUES(169, 50, 130, 5, 'Cours', 223, 'Cheseaux', 2, 2);

-- Mercredi
INSERT INTO leçon VALUES(170, 50, 130, 2, 'Cours', 601, 'Cheseaux', 2, 3);
INSERT INTO leçon VALUES(171, 51, 134, 8, 'Cours', 701, 'Cheseaux', 3, 3);

-- Jeudi
INSERT INTO leçon VALUES(172, 57, 131, 0, 'Cours', 341, 'Cheseaux', 4, 4);
INSERT INTO leçon VALUES(173, 58, 135, 7, 'Cours', 323, 'Cheseaux', 2, 4);
INSERT INTO leçon VALUES(174, 58, 135, 9, 'Cours', 337, 'Cheseaux', 2, 4);

-- Vendredi
INSERT INTO leçon VALUES(175, 47, 127, 7, 'Cours', 601, 'Cheseaux', 3, 5);


-- Etudiant
INSERT INTO personne VALUES (7, 'Kingsworth', '1991-10-28', false, 92);
INSERT INTO personne VALUES (8, 'Hixson', '1995-01-30', true, 64);
INSERT INTO personne VALUES (9, 'Baudrey', '1999-10-06', false, 81);
INSERT INTO personne VALUES (10, 'Muzzall', '1995-01-23', false, 1);
INSERT INTO personne VALUES (11, 'Lamanby', '1990-10-03', true, 18);
INSERT INTO personne VALUES (12, 'Edmenson', '1998-07-14', false, 93);
INSERT INTO personne VALUES (13, 'Keenor', '1994-12-07', true, 22);
INSERT INTO personne VALUES (14, 'Shucksmith', '1999-11-14', false, 25);
INSERT INTO personne VALUES (15, 'Ferrick', '1994-12-21', false, 32);
INSERT INTO personne VALUES (16, 'Verey', '1996-12-23', true, 90);
INSERT INTO personne VALUES (17, 'Marmon', '1996-02-14', false, 43);
INSERT INTO personne VALUES (18, 'Ingerman', '1993-01-08', false, 95);
INSERT INTO personne VALUES (19, 'Rhys', '1990-06-22', true, 74);
INSERT INTO personne VALUES (20, 'Osgar', '1995-11-02', false, 4);
INSERT INTO personne VALUES (21, 'Rendbaek', '1993-04-22', false, 62);
INSERT INTO personne VALUES (22, 'Brabben', '1996-12-09', false, 76);
INSERT INTO personne VALUES (23, 'Ogglebie', '1993-05-26', true, 61);
INSERT INTO personne VALUES (24, 'Caherny', '1997-01-11', true, 85);
INSERT INTO personne VALUES (25, 'Markwelley', '1992-07-03', false, 95);
INSERT INTO personne VALUES (26, 'Taberner', '1990-04-01', false, 99);
INSERT INTO personne VALUES (27, 'Woffinden', '1992-09-08', true, 99);
INSERT INTO personne VALUES (28, 'Waddams', '1991-08-23', true, 44);
INSERT INTO personne VALUES (29, 'Bayford', '1995-05-01', true, 92);
INSERT INTO personne VALUES (30, 'Antonsson', '1995-12-05', false, 73);
INSERT INTO personne VALUES (31, 'Tremblot', '1999-12-19', true, 10);
INSERT INTO personne VALUES (32, 'Turfs', '1994-02-02', true, 18);
INSERT INTO personne VALUES (33, 'Pairpoint', '1994-06-07', true, 37);
INSERT INTO personne VALUES (34, 'Basezzi', '1990-04-04', false, 82);
INSERT INTO personne VALUES (35, 'Maulin', '1999-04-25', false, 79);
INSERT INTO personne VALUES (36, 'Rudolfer', '1996-01-28', false, 35);
INSERT INTO personne VALUES (37, 'Thurlbeck', '1992-12-04', false, 48);
INSERT INTO personne VALUES (38, 'Clemett', '1995-01-30', true, 24);
INSERT INTO personne VALUES (39, 'Arntzen', '1991-01-15', false, 9);
INSERT INTO personne VALUES (40, 'Padgett', '1991-10-23', false, 27);
INSERT INTO personne VALUES (41, 'Attock', '1990-08-30', false, 57);
INSERT INTO personne VALUES (42, 'Lucock', '1995-09-14', true, 79);
INSERT INTO personne VALUES (43, 'Baradel', '1993-07-30', true, 12);
INSERT INTO personne VALUES (44, 'McInnerny', '1999-11-14', false, 42);
INSERT INTO personne VALUES (45, 'Wilden', '1996-07-04', false, 72);
INSERT INTO personne VALUES (46, 'Tejero', '1997-01-23', true, 53);
INSERT INTO personne VALUES (47, 'Goggey', '1996-03-27', false, 33);
INSERT INTO personne VALUES (48, 'Trevain', '1992-06-19', true, 76);
INSERT INTO personne VALUES (49, 'Fist', '1998-08-16', true, 56);
INSERT INTO personne VALUES (50, 'Hurles', '1997-01-13', false, 64);
INSERT INTO personne VALUES (51, 'Tewelson', '1991-02-01', false, 79);
INSERT INTO personne VALUES (52, 'Dahlen', '1993-08-06', true, 69);
INSERT INTO personne VALUES (53, 'Thomasson', '1996-02-07', false, 52);
INSERT INTO personne VALUES (54, 'Fairebrother', '1992-10-09', true, 78);
INSERT INTO personne VALUES (55, 'Yesenev', '1995-02-16', true, 31);
INSERT INTO personne VALUES (56, 'Blinckhorne', '1992-03-30', true, 76);
INSERT INTO personne VALUES (57, 'Sweetland', '1991-08-06', false, 64);
INSERT INTO personne VALUES (58, 'Buff', '1997-01-25', false, 91);
INSERT INTO personne VALUES (59, 'Starmer', '1998-10-02', true, 77);
INSERT INTO personne VALUES (60, 'Dilrew', '1993-02-17', true, 3);
INSERT INTO personne VALUES (61, 'Verner', '1993-02-26', true, 54);
INSERT INTO personne VALUES (62, 'Lupton', '1990-01-22', true, 51);
INSERT INTO personne VALUES (63, 'Manzell', '1995-05-27', true, 12);
INSERT INTO personne VALUES (64, 'Johnes', '1992-07-12', true, 60);
INSERT INTO personne VALUES (65, 'Spinelli', '1991-07-11', true, 44);
INSERT INTO personne VALUES (66, 'Luther', '1997-07-19', false, 15);

INSERT INTO prénom VALUES (7, 'Nathalie');
INSERT INTO prénom VALUES (8, 'Ethel');
INSERT INTO prénom VALUES (9, 'Vannie');
INSERT INTO prénom VALUES (10, 'Sheilah');
INSERT INTO prénom VALUES (11, 'Trula');
INSERT INTO prénom VALUES (12, 'Joanne');
INSERT INTO prénom VALUES (13, 'Aeriela');
INSERT INTO prénom VALUES (14, 'Imogen');
INSERT INTO prénom VALUES (15, 'Andi');
INSERT INTO prénom VALUES (16, 'Ania');
INSERT INTO prénom VALUES (17, 'Aridatha');
INSERT INTO prénom VALUES (18, 'Celisse');
INSERT INTO prénom VALUES (19, 'Margy');
INSERT INTO prénom VALUES (20, 'Christabel');
INSERT INTO prénom VALUES (21, 'Emlynn');
INSERT INTO prénom VALUES (22, 'Leann');
INSERT INTO prénom VALUES (23, 'Cori');
INSERT INTO prénom VALUES (24, 'Goldi');
INSERT INTO prénom VALUES (25, 'Oralle');
INSERT INTO prénom VALUES (26, 'Elora');
INSERT INTO prénom VALUES (27, 'Debora');
INSERT INTO prénom VALUES (28, 'Imogen');
INSERT INTO prénom VALUES (29, 'Aimil');
INSERT INTO prénom VALUES (30, 'Evania');
INSERT INTO prénom VALUES (31, 'Carlie');
INSERT INTO prénom VALUES (32, 'Dareen');
INSERT INTO prénom VALUES (33, 'Monique');
INSERT INTO prénom VALUES (34, 'Arlie');
INSERT INTO prénom VALUES (35, 'Goldy');
INSERT INTO prénom VALUES (36, 'Mari');
INSERT INTO prénom VALUES (37, 'Emelyne');
INSERT INTO prénom VALUES (38, 'Letty');
INSERT INTO prénom VALUES (39, 'Kalinda');
INSERT INTO prénom VALUES (40, 'Davida');
INSERT INTO prénom VALUES (41, 'Sidoney');
INSERT INTO prénom VALUES (42, 'Jeniffer');
INSERT INTO prénom VALUES (43, 'Thekla');
INSERT INTO prénom VALUES (44, 'Rickie');
INSERT INTO prénom VALUES (45, 'Sheelagh');
INSERT INTO prénom VALUES (46, 'Paulie');
INSERT INTO prénom VALUES (47, 'Stephana');
INSERT INTO prénom VALUES (48, 'Bunnie');
INSERT INTO prénom VALUES (49, 'Chelsea');
INSERT INTO prénom VALUES (50, 'Helaina');
INSERT INTO prénom VALUES (51, 'Aliza');
INSERT INTO prénom VALUES (52, 'Marylin');
INSERT INTO prénom VALUES (53, 'Frayda');
INSERT INTO prénom VALUES (54, 'Allis');
INSERT INTO prénom VALUES (55, 'Tiertza');
INSERT INTO prénom VALUES (56, 'Carlene');
INSERT INTO prénom VALUES (57, 'Silvan');
INSERT INTO prénom VALUES (58, 'Sarge');
INSERT INTO prénom VALUES (59, 'Kinny');
INSERT INTO prénom VALUES (60, 'Mattias');
INSERT INTO prénom VALUES (61, 'Sigismund');
INSERT INTO prénom VALUES (62, 'Jean');
INSERT INTO prénom VALUES (63, 'Judas');
INSERT INTO prénom VALUES (64, 'Haven');
INSERT INTO prénom VALUES (65, 'Roosevelt');
INSERT INTO prénom VALUES (66, 'Cello');

INSERT INTO etudiant VALUES (7, 'En cours');
INSERT INTO etudiant VALUES (8, 'En cours');
INSERT INTO etudiant VALUES (9, 'En cours');
INSERT INTO etudiant VALUES (10, 'En cours');
INSERT INTO etudiant VALUES (11, 'En cours');
INSERT INTO etudiant VALUES (12, 'En cours');
INSERT INTO etudiant VALUES (13, 'En cours');
INSERT INTO etudiant VALUES (14, 'En cours');
INSERT INTO etudiant VALUES (15, 'En cours');
INSERT INTO etudiant VALUES (16, 'En cours');
INSERT INTO etudiant VALUES (17, 'En cours');
INSERT INTO etudiant VALUES (18, 'En cours');
INSERT INTO etudiant VALUES (19, 'En cours');
INSERT INTO etudiant VALUES (20, 'En cours');
INSERT INTO etudiant VALUES (21, 'En cours');
INSERT INTO etudiant VALUES (22, 'En cours');
INSERT INTO etudiant VALUES (23, 'En cours');
INSERT INTO etudiant VALUES (24, 'En cours');
INSERT INTO etudiant VALUES (25, 'En cours');
INSERT INTO etudiant VALUES (26, 'En cours');
INSERT INTO etudiant VALUES (27, 'En cours');
INSERT INTO etudiant VALUES (28, 'En cours');
INSERT INTO etudiant VALUES (29, 'En cours');
INSERT INTO etudiant VALUES (30, 'En cours');
INSERT INTO etudiant VALUES (31, 'En cours');
INSERT INTO etudiant VALUES (32, 'En cours');
INSERT INTO etudiant VALUES (33, 'En cours');
INSERT INTO etudiant VALUES (34, 'En cours');
INSERT INTO etudiant VALUES (35, 'En cours');
INSERT INTO etudiant VALUES (36, 'En cours');
INSERT INTO etudiant VALUES (37, 'En cours');
INSERT INTO etudiant VALUES (38, 'En cours');
INSERT INTO etudiant VALUES (39, 'En cours');
INSERT INTO etudiant VALUES (40, 'En cours');
INSERT INTO etudiant VALUES (41, 'En cours');
INSERT INTO etudiant VALUES (42, 'En cours');
INSERT INTO etudiant VALUES (43, 'En cours');
INSERT INTO etudiant VALUES (44, 'En cours');
INSERT INTO etudiant VALUES (45, 'En cours');
INSERT INTO etudiant VALUES (46, 'En cours');
INSERT INTO etudiant VALUES (47, 'En cours');
INSERT INTO etudiant VALUES (48, 'En cours');
INSERT INTO etudiant VALUES (49, 'En cours');
INSERT INTO etudiant VALUES (50, 'En cours');
INSERT INTO etudiant VALUES (51, 'En cours');
INSERT INTO etudiant VALUES (52, 'En cours');
INSERT INTO etudiant VALUES (53, 'En cours');
INSERT INTO etudiant VALUES (54, 'En cours');
INSERT INTO etudiant VALUES (55, 'En cours');
INSERT INTO etudiant VALUES (56, 'En cours');
INSERT INTO etudiant VALUES (57, 'En cours');
INSERT INTO etudiant VALUES (58, 'En cours');
INSERT INTO etudiant VALUES (59, 'En cours');
INSERT INTO etudiant VALUES (60, 'En cours');
INSERT INTO etudiant VALUES (61, 'En cours');
INSERT INTO etudiant VALUES (62, 'En cours');
INSERT INTO etudiant VALUES (63, 'En cours');
INSERT INTO etudiant VALUES (64, 'En cours');
INSERT INTO etudiant VALUES (65, 'En cours');
INSERT INTO etudiant VALUES (66, 'En cours');


-- Lien leçons / étudiants

-- Classe 1 - 1ere - 2021 / S1
INSERT INTO etudiant_leçon VALUES (0, 1, 7);
INSERT INTO etudiant_leçon VALUES (1, 2, 7);
INSERT INTO etudiant_leçon VALUES (2, 3, 7);
INSERT INTO etudiant_leçon VALUES (3, 4, 7);
INSERT INTO etudiant_leçon VALUES (4, 1, 7);
INSERT INTO etudiant_leçon VALUES (5, 0, 7);
INSERT INTO etudiant_leçon VALUES (6, 1, 7);
INSERT INTO etudiant_leçon VALUES (7, 5, 7);
INSERT INTO etudiant_leçon VALUES (8, 5, 7);
INSERT INTO etudiant_leçon VALUES (9, 1, 7);
INSERT INTO etudiant_leçon VALUES (10, 0, 7);
INSERT INTO etudiant_leçon VALUES (11, 2, 7);
INSERT INTO etudiant_leçon VALUES (12, 4, 7);
INSERT INTO etudiant_leçon VALUES (13, 2, 7);
INSERT INTO etudiant_leçon VALUES (14, 1, 7);
INSERT INTO etudiant_leçon VALUES (15, 1, 7);

INSERT INTO etudiant_leçon VALUES (0, 1, 8);
INSERT INTO etudiant_leçon VALUES (1, 2, 8);
INSERT INTO etudiant_leçon VALUES (2, 3, 8);
INSERT INTO etudiant_leçon VALUES (3, 4, 8);
INSERT INTO etudiant_leçon VALUES (4, 1, 8);
INSERT INTO etudiant_leçon VALUES (5, 0, 8);
INSERT INTO etudiant_leçon VALUES (6, 1, 8);
INSERT INTO etudiant_leçon VALUES (7, 5, 8);
INSERT INTO etudiant_leçon VALUES (8, 5, 8);
INSERT INTO etudiant_leçon VALUES (9, 1, 8);
INSERT INTO etudiant_leçon VALUES (10, 0, 8);
INSERT INTO etudiant_leçon VALUES (11, 2, 8);
INSERT INTO etudiant_leçon VALUES (12, 4, 8);
INSERT INTO etudiant_leçon VALUES (13, 2, 8);
INSERT INTO etudiant_leçon VALUES (14, 1, 8);
INSERT INTO etudiant_leçon VALUES (15, 1, 8);

INSERT INTO etudiant_leçon VALUES (0, 1, 9);
INSERT INTO etudiant_leçon VALUES (1, 2, 9);
INSERT INTO etudiant_leçon VALUES (2, 3, 9);
INSERT INTO etudiant_leçon VALUES (3, 4, 9);
INSERT INTO etudiant_leçon VALUES (4, 1, 9);
INSERT INTO etudiant_leçon VALUES (5, 0, 9);
INSERT INTO etudiant_leçon VALUES (6, 1, 9);
INSERT INTO etudiant_leçon VALUES (7, 5, 9);
INSERT INTO etudiant_leçon VALUES (8, 5, 9);
INSERT INTO etudiant_leçon VALUES (9, 1, 9);
INSERT INTO etudiant_leçon VALUES (10, 0, 9);
INSERT INTO etudiant_leçon VALUES (11, 2, 9);
INSERT INTO etudiant_leçon VALUES (12, 4, 9);
INSERT INTO etudiant_leçon VALUES (13, 2, 9);
INSERT INTO etudiant_leçon VALUES (14, 1, 9);
INSERT INTO etudiant_leçon VALUES (15, 1, 9);

INSERT INTO etudiant_leçon VALUES (0, 1, 10);
INSERT INTO etudiant_leçon VALUES (1, 2, 10);
INSERT INTO etudiant_leçon VALUES (2, 3, 10);
INSERT INTO etudiant_leçon VALUES (3, 4, 10);
INSERT INTO etudiant_leçon VALUES (4, 1, 10);
INSERT INTO etudiant_leçon VALUES (5, 0, 10);
INSERT INTO etudiant_leçon VALUES (6, 1, 10);
INSERT INTO etudiant_leçon VALUES (7, 5, 10);
INSERT INTO etudiant_leçon VALUES (8, 5, 10);
INSERT INTO etudiant_leçon VALUES (9, 1, 10);
INSERT INTO etudiant_leçon VALUES (10, 0, 10);
INSERT INTO etudiant_leçon VALUES (11, 2, 10);
INSERT INTO etudiant_leçon VALUES (12, 4, 10);
INSERT INTO etudiant_leçon VALUES (13, 2, 10);
INSERT INTO etudiant_leçon VALUES (14, 1, 10);
INSERT INTO etudiant_leçon VALUES (15, 1, 10);

INSERT INTO etudiant_leçon VALUES (0, 1, 11);
INSERT INTO etudiant_leçon VALUES (1, 2, 11);
INSERT INTO etudiant_leçon VALUES (2, 3, 11);
INSERT INTO etudiant_leçon VALUES (3, 4, 11);
INSERT INTO etudiant_leçon VALUES (4, 1, 11);
INSERT INTO etudiant_leçon VALUES (5, 0, 11);
INSERT INTO etudiant_leçon VALUES (6, 1, 11);
INSERT INTO etudiant_leçon VALUES (7, 5, 11);
INSERT INTO etudiant_leçon VALUES (8, 5, 11);
INSERT INTO etudiant_leçon VALUES (9, 1, 11);
INSERT INTO etudiant_leçon VALUES (10, 0, 11);
INSERT INTO etudiant_leçon VALUES (11, 2, 11);
INSERT INTO etudiant_leçon VALUES (12, 4, 11);
INSERT INTO etudiant_leçon VALUES (13, 2, 11);
INSERT INTO etudiant_leçon VALUES (14, 1, 11);
INSERT INTO etudiant_leçon VALUES (15, 1, 11);

-- Classe 2
INSERT INTO etudiant_leçon VALUES (16, 5, 12);
INSERT INTO etudiant_leçon VALUES (17, 1, 12);
INSERT INTO etudiant_leçon VALUES (18, 3, 12);
INSERT INTO etudiant_leçon VALUES (19, 4, 12);
INSERT INTO etudiant_leçon VALUES (20, 1, 12);
INSERT INTO etudiant_leçon VALUES (21, 2, 12);
INSERT INTO etudiant_leçon VALUES (22, 0, 12);
INSERT INTO etudiant_leçon VALUES (23, 1, 12);
INSERT INTO etudiant_leçon VALUES (24, 1, 12);
INSERT INTO etudiant_leçon VALUES (25, 2, 12);
INSERT INTO etudiant_leçon VALUES (26, 5, 12);
INSERT INTO etudiant_leçon VALUES (27, 2, 12);
INSERT INTO etudiant_leçon VALUES (28, 0, 12);
INSERT INTO etudiant_leçon VALUES (12, 4, 12);
INSERT INTO etudiant_leçon VALUES (30, 1, 12);
INSERT INTO etudiant_leçon VALUES (31, 1, 12);

INSERT INTO etudiant_leçon VALUES (16, 5, 13);
INSERT INTO etudiant_leçon VALUES (17, 1, 13);
INSERT INTO etudiant_leçon VALUES (18, 3, 13);
INSERT INTO etudiant_leçon VALUES (19, 4, 13);
INSERT INTO etudiant_leçon VALUES (20, 1, 13);
INSERT INTO etudiant_leçon VALUES (21, 2, 13);
INSERT INTO etudiant_leçon VALUES (22, 0, 13);
INSERT INTO etudiant_leçon VALUES (23, 1, 13);
INSERT INTO etudiant_leçon VALUES (24, 1, 13);
INSERT INTO etudiant_leçon VALUES (25, 2, 13);
INSERT INTO etudiant_leçon VALUES (26, 5, 13);
INSERT INTO etudiant_leçon VALUES (27, 2, 13);
INSERT INTO etudiant_leçon VALUES (28, 0, 13);
INSERT INTO etudiant_leçon VALUES (12, 4, 13);
INSERT INTO etudiant_leçon VALUES (30, 1, 13);
INSERT INTO etudiant_leçon VALUES (31, 1, 13);

INSERT INTO etudiant_leçon VALUES (16, 5, 14);
INSERT INTO etudiant_leçon VALUES (17, 1, 14);
INSERT INTO etudiant_leçon VALUES (18, 3, 14);
INSERT INTO etudiant_leçon VALUES (19, 4, 14);
INSERT INTO etudiant_leçon VALUES (20, 1, 14);
INSERT INTO etudiant_leçon VALUES (21, 2, 14);
INSERT INTO etudiant_leçon VALUES (22, 0, 14);
INSERT INTO etudiant_leçon VALUES (23, 1, 14);
INSERT INTO etudiant_leçon VALUES (24, 1, 14);
INSERT INTO etudiant_leçon VALUES (25, 2, 14);
INSERT INTO etudiant_leçon VALUES (26, 5, 14);
INSERT INTO etudiant_leçon VALUES (27, 2, 14);
INSERT INTO etudiant_leçon VALUES (28, 0, 14);
INSERT INTO etudiant_leçon VALUES (12, 4, 14);
INSERT INTO etudiant_leçon VALUES (30, 1, 14);
INSERT INTO etudiant_leçon VALUES (31, 1, 14);

INSERT INTO etudiant_leçon VALUES (16, 5, 15);
INSERT INTO etudiant_leçon VALUES (17, 1, 15);
INSERT INTO etudiant_leçon VALUES (18, 3, 15);
INSERT INTO etudiant_leçon VALUES (19, 4, 15);
INSERT INTO etudiant_leçon VALUES (20, 1, 15);
INSERT INTO etudiant_leçon VALUES (21, 2, 15);
INSERT INTO etudiant_leçon VALUES (22, 0, 15);
INSERT INTO etudiant_leçon VALUES (23, 1, 15);
INSERT INTO etudiant_leçon VALUES (24, 1, 15);
INSERT INTO etudiant_leçon VALUES (25, 2, 15);
INSERT INTO etudiant_leçon VALUES (26, 5, 15);
INSERT INTO etudiant_leçon VALUES (27, 2, 15);
INSERT INTO etudiant_leçon VALUES (28, 0, 15);
INSERT INTO etudiant_leçon VALUES (12, 4, 15);
INSERT INTO etudiant_leçon VALUES (30, 1, 15);
INSERT INTO etudiant_leçon VALUES (31, 1, 15);

INSERT INTO etudiant_leçon VALUES (16, 5, 16);
INSERT INTO etudiant_leçon VALUES (17, 1, 16);
INSERT INTO etudiant_leçon VALUES (18, 3, 16);
INSERT INTO etudiant_leçon VALUES (19, 4, 16);
INSERT INTO etudiant_leçon VALUES (20, 1, 16);
INSERT INTO etudiant_leçon VALUES (21, 2, 16);
INSERT INTO etudiant_leçon VALUES (22, 0, 16);
INSERT INTO etudiant_leçon VALUES (23, 1, 16);
INSERT INTO etudiant_leçon VALUES (24, 1, 16);
INSERT INTO etudiant_leçon VALUES (25, 2, 16);
INSERT INTO etudiant_leçon VALUES (26, 5, 16);
INSERT INTO etudiant_leçon VALUES (27, 2, 16);
INSERT INTO etudiant_leçon VALUES (28, 0, 16);
INSERT INTO etudiant_leçon VALUES (12, 4, 16);
INSERT INTO etudiant_leçon VALUES (30, 1, 16);
INSERT INTO etudiant_leçon VALUES (31, 1, 16);

-- Classe 3
INSERT INTO etudiant_leçon VALUES (16, 5, 17);
INSERT INTO etudiant_leçon VALUES (33, 2, 17);
INSERT INTO etudiant_leçon VALUES (34, 5, 17);
INSERT INTO etudiant_leçon VALUES (35, 1, 17);
INSERT INTO etudiant_leçon VALUES (36, 3, 17);
INSERT INTO etudiant_leçon VALUES (37, 1, 17);
INSERT INTO etudiant_leçon VALUES (38, 2, 17);
INSERT INTO etudiant_leçon VALUES (39, 4, 17);
INSERT INTO etudiant_leçon VALUES (40, 0, 17);
INSERT INTO etudiant_leçon VALUES (41, 1, 17);
INSERT INTO etudiant_leçon VALUES (42, 2, 17);
INSERT INTO etudiant_leçon VALUES (43, 1, 17);
INSERT INTO etudiant_leçon VALUES (44, 0, 17);
INSERT INTO etudiant_leçon VALUES (162, 4, 17);
INSERT INTO etudiant_leçon VALUES (163, 1, 17);
INSERT INTO etudiant_leçon VALUES (164, 1, 17);

INSERT INTO etudiant_leçon VALUES (16, 5, 18);
INSERT INTO etudiant_leçon VALUES (33, 2, 18);
INSERT INTO etudiant_leçon VALUES (34, 5, 18);
INSERT INTO etudiant_leçon VALUES (35, 1, 18);
INSERT INTO etudiant_leçon VALUES (36, 3, 18);
INSERT INTO etudiant_leçon VALUES (37, 1, 18);
INSERT INTO etudiant_leçon VALUES (38, 2, 18);
INSERT INTO etudiant_leçon VALUES (39, 4, 18);
INSERT INTO etudiant_leçon VALUES (40, 0, 18);
INSERT INTO etudiant_leçon VALUES (41, 1, 18);
INSERT INTO etudiant_leçon VALUES (42, 2, 18);
INSERT INTO etudiant_leçon VALUES (43, 1, 18);
INSERT INTO etudiant_leçon VALUES (44, 0, 18);
INSERT INTO etudiant_leçon VALUES (162, 4, 18);
INSERT INTO etudiant_leçon VALUES (163, 1, 18);
INSERT INTO etudiant_leçon VALUES (164, 1, 18);

INSERT INTO etudiant_leçon VALUES (16, 5, 19);
INSERT INTO etudiant_leçon VALUES (33, 2, 19);
INSERT INTO etudiant_leçon VALUES (34, 5, 19);
INSERT INTO etudiant_leçon VALUES (35, 1, 19);
INSERT INTO etudiant_leçon VALUES (36, 3, 19);
INSERT INTO etudiant_leçon VALUES (37, 1, 19);
INSERT INTO etudiant_leçon VALUES (38, 2, 19);
INSERT INTO etudiant_leçon VALUES (39, 4, 19);
INSERT INTO etudiant_leçon VALUES (40, 0, 19);
INSERT INTO etudiant_leçon VALUES (41, 1, 19);
INSERT INTO etudiant_leçon VALUES (42, 2, 19);
INSERT INTO etudiant_leçon VALUES (43, 1, 19);
INSERT INTO etudiant_leçon VALUES (44, 0, 19);
INSERT INTO etudiant_leçon VALUES (162, 4, 19);
INSERT INTO etudiant_leçon VALUES (163, 1, 19);
INSERT INTO etudiant_leçon VALUES (164, 1, 19);

INSERT INTO etudiant_leçon VALUES (16, 5, 20);
INSERT INTO etudiant_leçon VALUES (33, 2, 20);
INSERT INTO etudiant_leçon VALUES (34, 5, 20);
INSERT INTO etudiant_leçon VALUES (35, 1, 20);
INSERT INTO etudiant_leçon VALUES (36, 3, 20);
INSERT INTO etudiant_leçon VALUES (37, 1, 20);
INSERT INTO etudiant_leçon VALUES (38, 2, 20);
INSERT INTO etudiant_leçon VALUES (39, 4, 20);
INSERT INTO etudiant_leçon VALUES (40, 0, 20);
INSERT INTO etudiant_leçon VALUES (41, 1, 20);
INSERT INTO etudiant_leçon VALUES (42, 2, 20);
INSERT INTO etudiant_leçon VALUES (43, 1, 20);
INSERT INTO etudiant_leçon VALUES (44, 0, 20);
INSERT INTO etudiant_leçon VALUES (162, 4, 20);
INSERT INTO etudiant_leçon VALUES (163, 1, 20);
INSERT INTO etudiant_leçon VALUES (164, 1, 20);

INSERT INTO etudiant_leçon VALUES (16, 5, 21);
INSERT INTO etudiant_leçon VALUES (33, 2, 21);
INSERT INTO etudiant_leçon VALUES (34, 5, 21);
INSERT INTO etudiant_leçon VALUES (35, 1, 21);
INSERT INTO etudiant_leçon VALUES (36, 3, 21);
INSERT INTO etudiant_leçon VALUES (37, 1, 21);
INSERT INTO etudiant_leçon VALUES (38, 2, 21);
INSERT INTO etudiant_leçon VALUES (39, 4, 21);
INSERT INTO etudiant_leçon VALUES (40, 0, 21);
INSERT INTO etudiant_leçon VALUES (41, 1, 21);
INSERT INTO etudiant_leçon VALUES (42, 2, 21);
INSERT INTO etudiant_leçon VALUES (43, 1, 21);
INSERT INTO etudiant_leçon VALUES (44, 0, 21);
INSERT INTO etudiant_leçon VALUES (162, 4, 21);
INSERT INTO etudiant_leçon VALUES (163, 1, 21);
INSERT INTO etudiant_leçon VALUES (164, 1, 21);

-- 1ere - 2020 / S1
-- Classe 1
INSERT INTO etudiant_leçon VALUES (46, 42, 22);
INSERT INTO etudiant_leçon VALUES (47, 44, 22);
INSERT INTO etudiant_leçon VALUES (48, 43, 22);
INSERT INTO etudiant_leçon VALUES (49, 42, 22);
INSERT INTO etudiant_leçon VALUES (50, 42, 22);
INSERT INTO etudiant_leçon VALUES (51, 46, 22);
INSERT INTO etudiant_leçon VALUES (52, 41, 22);
INSERT INTO etudiant_leçon VALUES (53, 46, 22);
INSERT INTO etudiant_leçon VALUES (54, 43, 22);
INSERT INTO etudiant_leçon VALUES (55, 42, 22);
INSERT INTO etudiant_leçon VALUES (56, 42, 22);
INSERT INTO etudiant_leçon VALUES (57, 41, 22);
INSERT INTO etudiant_leçon VALUES (58, 43, 22);
INSERT INTO etudiant_leçon VALUES (59, 45, 22);
INSERT INTO etudiant_leçon VALUES (60, 45, 22);
INSERT INTO etudiant_leçon VALUES (61, 42, 22);

INSERT INTO etudiant_leçon VALUES (46, 42, 23);
INSERT INTO etudiant_leçon VALUES (47, 44, 23);
INSERT INTO etudiant_leçon VALUES (48, 43, 23);
INSERT INTO etudiant_leçon VALUES (49, 42, 23);
INSERT INTO etudiant_leçon VALUES (50, 42, 23);
INSERT INTO etudiant_leçon VALUES (51, 46, 23);
INSERT INTO etudiant_leçon VALUES (52, 41, 23);
INSERT INTO etudiant_leçon VALUES (53, 46, 23);
INSERT INTO etudiant_leçon VALUES (54, 43, 23);
INSERT INTO etudiant_leçon VALUES (55, 42, 23);
INSERT INTO etudiant_leçon VALUES (56, 42, 23);
INSERT INTO etudiant_leçon VALUES (57, 41, 23);
INSERT INTO etudiant_leçon VALUES (58, 43, 23);
INSERT INTO etudiant_leçon VALUES (59, 45, 23);
INSERT INTO etudiant_leçon VALUES (60, 45, 23);
INSERT INTO etudiant_leçon VALUES (61, 42, 23);

INSERT INTO etudiant_leçon VALUES (46, 42, 24);
INSERT INTO etudiant_leçon VALUES (47, 44, 24);
INSERT INTO etudiant_leçon VALUES (48, 43, 24);
INSERT INTO etudiant_leçon VALUES (49, 42, 24);
INSERT INTO etudiant_leçon VALUES (50, 42, 24);
INSERT INTO etudiant_leçon VALUES (51, 46, 24);
INSERT INTO etudiant_leçon VALUES (52, 41, 24);
INSERT INTO etudiant_leçon VALUES (53, 46, 24);
INSERT INTO etudiant_leçon VALUES (54, 43, 24);
INSERT INTO etudiant_leçon VALUES (55, 42, 24);
INSERT INTO etudiant_leçon VALUES (56, 42, 24);
INSERT INTO etudiant_leçon VALUES (57, 41, 24);
INSERT INTO etudiant_leçon VALUES (58, 43, 24);
INSERT INTO etudiant_leçon VALUES (59, 45, 24);
INSERT INTO etudiant_leçon VALUES (60, 45, 24);
INSERT INTO etudiant_leçon VALUES (61, 42, 24);

INSERT INTO etudiant_leçon VALUES (46, 42, 25);
INSERT INTO etudiant_leçon VALUES (47, 44, 25);
INSERT INTO etudiant_leçon VALUES (48, 43, 25);
INSERT INTO etudiant_leçon VALUES (49, 42, 25);
INSERT INTO etudiant_leçon VALUES (50, 42, 25);
INSERT INTO etudiant_leçon VALUES (51, 46, 25);
INSERT INTO etudiant_leçon VALUES (52, 41, 25);
INSERT INTO etudiant_leçon VALUES (53, 46, 25);
INSERT INTO etudiant_leçon VALUES (54, 43, 25);
INSERT INTO etudiant_leçon VALUES (55, 42, 25);
INSERT INTO etudiant_leçon VALUES (56, 42, 25);
INSERT INTO etudiant_leçon VALUES (57, 41, 25);
INSERT INTO etudiant_leçon VALUES (58, 43, 25);
INSERT INTO etudiant_leçon VALUES (59, 45, 25);
INSERT INTO etudiant_leçon VALUES (60, 45, 25);
INSERT INTO etudiant_leçon VALUES (61, 42, 25);

INSERT INTO etudiant_leçon VALUES (46, 42, 26);
INSERT INTO etudiant_leçon VALUES (47, 44, 26);
INSERT INTO etudiant_leçon VALUES (48, 43, 26);
INSERT INTO etudiant_leçon VALUES (49, 42, 26);
INSERT INTO etudiant_leçon VALUES (50, 42, 26);
INSERT INTO etudiant_leçon VALUES (51, 46, 26);
INSERT INTO etudiant_leçon VALUES (52, 41, 26);
INSERT INTO etudiant_leçon VALUES (53, 46, 26);
INSERT INTO etudiant_leçon VALUES (54, 43, 26);
INSERT INTO etudiant_leçon VALUES (55, 42, 26);
INSERT INTO etudiant_leçon VALUES (56, 42, 26);
INSERT INTO etudiant_leçon VALUES (57, 41, 26);
INSERT INTO etudiant_leçon VALUES (58, 43, 26);
INSERT INTO etudiant_leçon VALUES (59, 45, 26);
INSERT INTO etudiant_leçon VALUES (60, 45, 26);
INSERT INTO etudiant_leçon VALUES (61, 42, 26);

-- Classe 2
INSERT INTO etudiant_leçon VALUES (62, 42, 27);
INSERT INTO etudiant_leçon VALUES (63, 43, 27);
INSERT INTO etudiant_leçon VALUES (64, 42, 27);
INSERT INTO etudiant_leçon VALUES (65, 43, 27);
INSERT INTO etudiant_leçon VALUES (51, 46, 27);
INSERT INTO etudiant_leçon VALUES (67, 46, 27);
INSERT INTO etudiant_leçon VALUES (68, 42, 27);
INSERT INTO etudiant_leçon VALUES (69, 42, 27);
INSERT INTO etudiant_leçon VALUES (70, 41, 27);
INSERT INTO etudiant_leçon VALUES (71, 42, 27);
INSERT INTO etudiant_leçon VALUES (72, 44, 27);
INSERT INTO etudiant_leçon VALUES (73, 43, 27);
INSERT INTO etudiant_leçon VALUES (74, 42, 27);
INSERT INTO etudiant_leçon VALUES (59, 45, 27);
INSERT INTO etudiant_leçon VALUES (76, 43, 27);
INSERT INTO etudiant_leçon VALUES (77, 45, 27);

INSERT INTO etudiant_leçon VALUES (62, 42, 28);
INSERT INTO etudiant_leçon VALUES (63, 43, 28);
INSERT INTO etudiant_leçon VALUES (64, 42, 28);
INSERT INTO etudiant_leçon VALUES (65, 43, 28);
INSERT INTO etudiant_leçon VALUES (51, 46, 28);
INSERT INTO etudiant_leçon VALUES (67, 46, 28);
INSERT INTO etudiant_leçon VALUES (68, 42, 28);
INSERT INTO etudiant_leçon VALUES (69, 42, 28);
INSERT INTO etudiant_leçon VALUES (70, 41, 28);
INSERT INTO etudiant_leçon VALUES (71, 42, 28);
INSERT INTO etudiant_leçon VALUES (72, 44, 28);
INSERT INTO etudiant_leçon VALUES (73, 43, 28);
INSERT INTO etudiant_leçon VALUES (74, 42, 28);
INSERT INTO etudiant_leçon VALUES (59, 45, 28);
INSERT INTO etudiant_leçon VALUES (76, 43, 28);
INSERT INTO etudiant_leçon VALUES (77, 45, 28);

INSERT INTO etudiant_leçon VALUES (62, 42, 29);
INSERT INTO etudiant_leçon VALUES (63, 43, 29);
INSERT INTO etudiant_leçon VALUES (64, 42, 29);
INSERT INTO etudiant_leçon VALUES (65, 43, 29);
INSERT INTO etudiant_leçon VALUES (51, 46, 29);
INSERT INTO etudiant_leçon VALUES (67, 46, 29);
INSERT INTO etudiant_leçon VALUES (68, 42, 29);
INSERT INTO etudiant_leçon VALUES (69, 42, 29);
INSERT INTO etudiant_leçon VALUES (70, 41, 29);
INSERT INTO etudiant_leçon VALUES (71, 42, 29);
INSERT INTO etudiant_leçon VALUES (72, 44, 29);
INSERT INTO etudiant_leçon VALUES (73, 43, 29);
INSERT INTO etudiant_leçon VALUES (74, 42, 29);
INSERT INTO etudiant_leçon VALUES (59, 45, 29);
INSERT INTO etudiant_leçon VALUES (76, 43, 29);
INSERT INTO etudiant_leçon VALUES (77, 45, 29);

INSERT INTO etudiant_leçon VALUES (62, 42, 30);
INSERT INTO etudiant_leçon VALUES (63, 43, 30);
INSERT INTO etudiant_leçon VALUES (64, 42, 30);
INSERT INTO etudiant_leçon VALUES (65, 43, 30);
INSERT INTO etudiant_leçon VALUES (51, 46, 30);
INSERT INTO etudiant_leçon VALUES (67, 46, 30);
INSERT INTO etudiant_leçon VALUES (68, 42, 30);
INSERT INTO etudiant_leçon VALUES (69, 42, 30);
INSERT INTO etudiant_leçon VALUES (70, 41, 30);
INSERT INTO etudiant_leçon VALUES (71, 42, 30);
INSERT INTO etudiant_leçon VALUES (72, 44, 30);
INSERT INTO etudiant_leçon VALUES (73, 43, 30);
INSERT INTO etudiant_leçon VALUES (74, 42, 30);
INSERT INTO etudiant_leçon VALUES (59, 45, 30);
INSERT INTO etudiant_leçon VALUES (76, 43, 30);
INSERT INTO etudiant_leçon VALUES (77, 45, 30);

INSERT INTO etudiant_leçon VALUES (62, 42, 31);
INSERT INTO etudiant_leçon VALUES (63, 43, 31);
INSERT INTO etudiant_leçon VALUES (64, 42, 31);
INSERT INTO etudiant_leçon VALUES (65, 43, 31);
INSERT INTO etudiant_leçon VALUES (51, 46, 31);
INSERT INTO etudiant_leçon VALUES (67, 46, 31);
INSERT INTO etudiant_leçon VALUES (68, 42, 31);
INSERT INTO etudiant_leçon VALUES (69, 42, 31);
INSERT INTO etudiant_leçon VALUES (70, 41, 31);
INSERT INTO etudiant_leçon VALUES (71, 42, 31);
INSERT INTO etudiant_leçon VALUES (72, 44, 31);
INSERT INTO etudiant_leçon VALUES (73, 43, 31);
INSERT INTO etudiant_leçon VALUES (74, 42, 31);
INSERT INTO etudiant_leçon VALUES (59, 45, 31);
INSERT INTO etudiant_leçon VALUES (76, 43, 31);
INSERT INTO etudiant_leçon VALUES (77, 45, 31);

-- Classe 3
INSERT INTO etudiant_leçon VALUES (78, 43, 32);
INSERT INTO etudiant_leçon VALUES (79, 46, 32);
INSERT INTO etudiant_leçon VALUES (80, 45, 32);
INSERT INTO etudiant_leçon VALUES (81, 45, 32);
INSERT INTO etudiant_leçon VALUES (82, 43, 32);
INSERT INTO etudiant_leçon VALUES (83, 42, 32);
INSERT INTO etudiant_leçon VALUES (84, 41, 32);
INSERT INTO etudiant_leçon VALUES (85, 44, 32);
INSERT INTO etudiant_leçon VALUES (86, 42, 32);
INSERT INTO etudiant_leçon VALUES (87, 42, 32);
INSERT INTO etudiant_leçon VALUES (88, 46, 32);
INSERT INTO etudiant_leçon VALUES (89, 43, 32);
INSERT INTO etudiant_leçon VALUES (90, 41, 32);
INSERT INTO etudiant_leçon VALUES (91, 42, 32);
INSERT INTO etudiant_leçon VALUES (92, 42, 32);
INSERT INTO etudiant_leçon VALUES (93, 42, 32);

INSERT INTO etudiant_leçon VALUES (78, 43, 33);
INSERT INTO etudiant_leçon VALUES (79, 46, 33);
INSERT INTO etudiant_leçon VALUES (80, 45, 33);
INSERT INTO etudiant_leçon VALUES (81, 45, 33);
INSERT INTO etudiant_leçon VALUES (82, 43, 33);
INSERT INTO etudiant_leçon VALUES (83, 42, 33);
INSERT INTO etudiant_leçon VALUES (84, 41, 33);
INSERT INTO etudiant_leçon VALUES (85, 44, 33);
INSERT INTO etudiant_leçon VALUES (86, 42, 33);
INSERT INTO etudiant_leçon VALUES (87, 42, 33);
INSERT INTO etudiant_leçon VALUES (88, 46, 33);
INSERT INTO etudiant_leçon VALUES (89, 43, 33);
INSERT INTO etudiant_leçon VALUES (90, 41, 33);
INSERT INTO etudiant_leçon VALUES (91, 42, 33);
INSERT INTO etudiant_leçon VALUES (92, 42, 33);
INSERT INTO etudiant_leçon VALUES (93, 42, 33);

INSERT INTO etudiant_leçon VALUES (78, 43, 34);
INSERT INTO etudiant_leçon VALUES (79, 46, 34);
INSERT INTO etudiant_leçon VALUES (80, 45, 34);
INSERT INTO etudiant_leçon VALUES (81, 45, 34);
INSERT INTO etudiant_leçon VALUES (82, 43, 34);
INSERT INTO etudiant_leçon VALUES (83, 42, 34);
INSERT INTO etudiant_leçon VALUES (84, 41, 34);
INSERT INTO etudiant_leçon VALUES (85, 44, 34);
INSERT INTO etudiant_leçon VALUES (86, 42, 34);
INSERT INTO etudiant_leçon VALUES (87, 42, 34);
INSERT INTO etudiant_leçon VALUES (88, 46, 34);
INSERT INTO etudiant_leçon VALUES (89, 43, 34);
INSERT INTO etudiant_leçon VALUES (90, 41, 34);
INSERT INTO etudiant_leçon VALUES (91, 42, 34);
INSERT INTO etudiant_leçon VALUES (92, 42, 34);
INSERT INTO etudiant_leçon VALUES (93, 42, 34);

INSERT INTO etudiant_leçon VALUES (78, 43, 35);
INSERT INTO etudiant_leçon VALUES (79, 46, 35);
INSERT INTO etudiant_leçon VALUES (80, 45, 35);
INSERT INTO etudiant_leçon VALUES (81, 45, 35);
INSERT INTO etudiant_leçon VALUES (82, 43, 35);
INSERT INTO etudiant_leçon VALUES (83, 42, 35);
INSERT INTO etudiant_leçon VALUES (84, 41, 35);
INSERT INTO etudiant_leçon VALUES (85, 44, 35);
INSERT INTO etudiant_leçon VALUES (86, 42, 35);
INSERT INTO etudiant_leçon VALUES (87, 42, 35);
INSERT INTO etudiant_leçon VALUES (88, 46, 35);
INSERT INTO etudiant_leçon VALUES (89, 43, 35);
INSERT INTO etudiant_leçon VALUES (90, 41, 35);
INSERT INTO etudiant_leçon VALUES (91, 42, 35);
INSERT INTO etudiant_leçon VALUES (92, 42, 35);
INSERT INTO etudiant_leçon VALUES (93, 42, 35);

INSERT INTO etudiant_leçon VALUES (78, 43, 36);
INSERT INTO etudiant_leçon VALUES (79, 46, 36);
INSERT INTO etudiant_leçon VALUES (80, 45, 36);
INSERT INTO etudiant_leçon VALUES (81, 45, 36);
INSERT INTO etudiant_leçon VALUES (82, 43, 36);
INSERT INTO etudiant_leçon VALUES (83, 42, 36);
INSERT INTO etudiant_leçon VALUES (84, 41, 36);
INSERT INTO etudiant_leçon VALUES (85, 44, 36);
INSERT INTO etudiant_leçon VALUES (86, 42, 36);
INSERT INTO etudiant_leçon VALUES (87, 42, 36);
INSERT INTO etudiant_leçon VALUES (88, 46, 36);
INSERT INTO etudiant_leçon VALUES (89, 43, 36);
INSERT INTO etudiant_leçon VALUES (90, 41, 36);
INSERT INTO etudiant_leçon VALUES (91, 42, 36);
INSERT INTO etudiant_leçon VALUES (92, 42, 36);
INSERT INTO etudiant_leçon VALUES (93, 42, 36);

-- 1ere - 2020 / S2

-- Classe 1
INSERT INTO etudiant_leçon VALUES (94, 20, 22);
INSERT INTO etudiant_leçon VALUES (95, 20, 22);
INSERT INTO etudiant_leçon VALUES (96, 21, 22);
INSERT INTO etudiant_leçon VALUES (97, 22, 22);
INSERT INTO etudiant_leçon VALUES (98, 23, 22);
INSERT INTO etudiant_leçon VALUES (99, 26, 22);
INSERT INTO etudiant_leçon VALUES (100, 22, 22);
INSERT INTO etudiant_leçon VALUES (101, 22, 22);
INSERT INTO etudiant_leçon VALUES (102, 24, 22);
INSERT INTO etudiant_leçon VALUES (103, 24, 22);
INSERT INTO etudiant_leçon VALUES (104, 23, 22);
INSERT INTO etudiant_leçon VALUES (105, 26, 22);
INSERT INTO etudiant_leçon VALUES (106, 25, 22);
INSERT INTO etudiant_leçon VALUES (107, 23, 22);
INSERT INTO etudiant_leçon VALUES (108, 22, 22);
INSERT INTO etudiant_leçon VALUES (109, 21, 22);

INSERT INTO etudiant_leçon VALUES (94, 20, 23);
INSERT INTO etudiant_leçon VALUES (95, 20, 23);
INSERT INTO etudiant_leçon VALUES (96, 21, 23);
INSERT INTO etudiant_leçon VALUES (97, 22, 23);
INSERT INTO etudiant_leçon VALUES (98, 23, 23);
INSERT INTO etudiant_leçon VALUES (99, 26, 23);
INSERT INTO etudiant_leçon VALUES (100, 22, 23);
INSERT INTO etudiant_leçon VALUES (101, 22, 23);
INSERT INTO etudiant_leçon VALUES (102, 24, 23);
INSERT INTO etudiant_leçon VALUES (103, 24, 23);
INSERT INTO etudiant_leçon VALUES (104, 23, 23);
INSERT INTO etudiant_leçon VALUES (105, 26, 23);
INSERT INTO etudiant_leçon VALUES (106, 25, 23);
INSERT INTO etudiant_leçon VALUES (107, 23, 23);
INSERT INTO etudiant_leçon VALUES (108, 22, 23);
INSERT INTO etudiant_leçon VALUES (109, 21, 23);

INSERT INTO etudiant_leçon VALUES (94, 20, 24);
INSERT INTO etudiant_leçon VALUES (95, 20, 24);
INSERT INTO etudiant_leçon VALUES (96, 21, 24);
INSERT INTO etudiant_leçon VALUES (97, 22, 24);
INSERT INTO etudiant_leçon VALUES (98, 23, 24);
INSERT INTO etudiant_leçon VALUES (99, 26, 24);
INSERT INTO etudiant_leçon VALUES (100, 22, 24);
INSERT INTO etudiant_leçon VALUES (101, 22, 24);
INSERT INTO etudiant_leçon VALUES (102, 24, 24);
INSERT INTO etudiant_leçon VALUES (103, 24, 24);
INSERT INTO etudiant_leçon VALUES (104, 23, 24);
INSERT INTO etudiant_leçon VALUES (105, 26, 24);
INSERT INTO etudiant_leçon VALUES (106, 25, 24);
INSERT INTO etudiant_leçon VALUES (107, 23, 24);
INSERT INTO etudiant_leçon VALUES (108, 22, 24);
INSERT INTO etudiant_leçon VALUES (109, 21, 24);

INSERT INTO etudiant_leçon VALUES (94, 20, 25);
INSERT INTO etudiant_leçon VALUES (95, 20, 25);
INSERT INTO etudiant_leçon VALUES (96, 21, 25);
INSERT INTO etudiant_leçon VALUES (97, 22, 25);
INSERT INTO etudiant_leçon VALUES (98, 23, 25);
INSERT INTO etudiant_leçon VALUES (99, 26, 25);
INSERT INTO etudiant_leçon VALUES (100, 22, 25);
INSERT INTO etudiant_leçon VALUES (101, 22, 25);
INSERT INTO etudiant_leçon VALUES (102, 24, 25);
INSERT INTO etudiant_leçon VALUES (103, 24, 25);
INSERT INTO etudiant_leçon VALUES (104, 23, 25);
INSERT INTO etudiant_leçon VALUES (105, 26, 25);
INSERT INTO etudiant_leçon VALUES (106, 25, 25);
INSERT INTO etudiant_leçon VALUES (107, 23, 25);
INSERT INTO etudiant_leçon VALUES (108, 22, 25);
INSERT INTO etudiant_leçon VALUES (109, 21, 25);

INSERT INTO etudiant_leçon VALUES (94, 20, 26);
INSERT INTO etudiant_leçon VALUES (95, 20, 26);
INSERT INTO etudiant_leçon VALUES (96, 21, 26);
INSERT INTO etudiant_leçon VALUES (97, 22, 26);
INSERT INTO etudiant_leçon VALUES (98, 23, 26);
INSERT INTO etudiant_leçon VALUES (99, 26, 26);
INSERT INTO etudiant_leçon VALUES (100, 22, 26);
INSERT INTO etudiant_leçon VALUES (101, 22, 26);
INSERT INTO etudiant_leçon VALUES (102, 24, 26);
INSERT INTO etudiant_leçon VALUES (103, 24, 26);
INSERT INTO etudiant_leçon VALUES (104, 23, 26);
INSERT INTO etudiant_leçon VALUES (105, 26, 26);
INSERT INTO etudiant_leçon VALUES (106, 25, 26);
INSERT INTO etudiant_leçon VALUES (107, 23, 26);
INSERT INTO etudiant_leçon VALUES (108, 22, 26);
INSERT INTO etudiant_leçon VALUES (109, 21, 26);

-- Classe 2
INSERT INTO etudiant_leçon VALUES (110, 23, 27);
INSERT INTO etudiant_leçon VALUES (96, 21, 27);
INSERT INTO etudiant_leçon VALUES (97, 22, 27);
INSERT INTO etudiant_leçon VALUES (99, 26, 27);
INSERT INTO etudiant_leçon VALUES (100, 22, 27);
INSERT INTO etudiant_leçon VALUES (101, 22, 27);
INSERT INTO etudiant_leçon VALUES (111, 24, 27);
INSERT INTO etudiant_leçon VALUES (112, 20, 27);
INSERT INTO etudiant_leçon VALUES (103, 24, 27);
INSERT INTO etudiant_leçon VALUES (113, 23, 27);
INSERT INTO etudiant_leçon VALUES (105, 26, 27);
INSERT INTO etudiant_leçon VALUES (114, 25, 27);
INSERT INTO etudiant_leçon VALUES (115, 23, 27);
INSERT INTO etudiant_leçon VALUES (116, 21, 27);
INSERT INTO etudiant_leçon VALUES (117, 20, 27);
INSERT INTO etudiant_leçon VALUES (108, 22, 27);

INSERT INTO etudiant_leçon VALUES (110, 23, 28);
INSERT INTO etudiant_leçon VALUES (96, 21, 28);
INSERT INTO etudiant_leçon VALUES (97, 22, 28);
INSERT INTO etudiant_leçon VALUES (99, 26, 28);
INSERT INTO etudiant_leçon VALUES (100, 22, 28);
INSERT INTO etudiant_leçon VALUES (101, 22, 28);
INSERT INTO etudiant_leçon VALUES (111, 24, 28);
INSERT INTO etudiant_leçon VALUES (112, 20, 28);
INSERT INTO etudiant_leçon VALUES (103, 24, 28);
INSERT INTO etudiant_leçon VALUES (113, 23, 28);
INSERT INTO etudiant_leçon VALUES (105, 26, 28);
INSERT INTO etudiant_leçon VALUES (114, 25, 28);
INSERT INTO etudiant_leçon VALUES (115, 23, 28);
INSERT INTO etudiant_leçon VALUES (116, 21, 28);
INSERT INTO etudiant_leçon VALUES (117, 20, 28);
INSERT INTO etudiant_leçon VALUES (108, 22, 28);

INSERT INTO etudiant_leçon VALUES (110, 23, 29);
INSERT INTO etudiant_leçon VALUES (96, 21, 29);
INSERT INTO etudiant_leçon VALUES (97, 22, 29);
INSERT INTO etudiant_leçon VALUES (99, 26, 29);
INSERT INTO etudiant_leçon VALUES (100, 22, 29);
INSERT INTO etudiant_leçon VALUES (101, 22, 29);
INSERT INTO etudiant_leçon VALUES (111, 24, 29);
INSERT INTO etudiant_leçon VALUES (112, 20, 29);
INSERT INTO etudiant_leçon VALUES (103, 24, 29);
INSERT INTO etudiant_leçon VALUES (113, 23, 29);
INSERT INTO etudiant_leçon VALUES (105, 26, 29);
INSERT INTO etudiant_leçon VALUES (114, 25, 29);
INSERT INTO etudiant_leçon VALUES (115, 23, 29);
INSERT INTO etudiant_leçon VALUES (116, 21, 29);
INSERT INTO etudiant_leçon VALUES (117, 20, 29);
INSERT INTO etudiant_leçon VALUES (108, 22, 29);

INSERT INTO etudiant_leçon VALUES (110, 23, 30);
INSERT INTO etudiant_leçon VALUES (96, 21, 30);
INSERT INTO etudiant_leçon VALUES (97, 22, 30);
INSERT INTO etudiant_leçon VALUES (99, 26, 30);
INSERT INTO etudiant_leçon VALUES (100, 22, 30);
INSERT INTO etudiant_leçon VALUES (101, 22, 30);
INSERT INTO etudiant_leçon VALUES (111, 24, 30);
INSERT INTO etudiant_leçon VALUES (112, 20, 30);
INSERT INTO etudiant_leçon VALUES (103, 24, 30);
INSERT INTO etudiant_leçon VALUES (113, 23, 30);
INSERT INTO etudiant_leçon VALUES (105, 26, 30);
INSERT INTO etudiant_leçon VALUES (114, 25, 30);
INSERT INTO etudiant_leçon VALUES (115, 23, 30);
INSERT INTO etudiant_leçon VALUES (116, 21, 30);
INSERT INTO etudiant_leçon VALUES (117, 20, 30);
INSERT INTO etudiant_leçon VALUES (108, 22, 30);

INSERT INTO etudiant_leçon VALUES (110, 23, 31);
INSERT INTO etudiant_leçon VALUES (96, 21, 31);
INSERT INTO etudiant_leçon VALUES (97, 22, 31);
INSERT INTO etudiant_leçon VALUES (99, 26, 31);
INSERT INTO etudiant_leçon VALUES (100, 22, 31);
INSERT INTO etudiant_leçon VALUES (101, 22, 31);
INSERT INTO etudiant_leçon VALUES (111, 24, 31);
INSERT INTO etudiant_leçon VALUES (112, 20, 31);
INSERT INTO etudiant_leçon VALUES (103, 24, 31);
INSERT INTO etudiant_leçon VALUES (113, 23, 31);
INSERT INTO etudiant_leçon VALUES (105, 26, 31);
INSERT INTO etudiant_leçon VALUES (114, 25, 31);
INSERT INTO etudiant_leçon VALUES (115, 23, 31);
INSERT INTO etudiant_leçon VALUES (116, 21, 31);
INSERT INTO etudiant_leçon VALUES (117, 20, 31);
INSERT INTO etudiant_leçon VALUES (108, 22, 31);

-- - 2eme - 2021 / S1

-- Classe 1
INSERT INTO etudiant_leçon VALUES (118, 7, 47);
INSERT INTO etudiant_leçon VALUES (119, 8, 47);
INSERT INTO etudiant_leçon VALUES (120, 9, 47);
INSERT INTO etudiant_leçon VALUES (121, 10, 47);
INSERT INTO etudiant_leçon VALUES (122, 9, 47);
INSERT INTO etudiant_leçon VALUES (123, 10, 47);
INSERT INTO etudiant_leçon VALUES (124, 11, 47);
INSERT INTO etudiant_leçon VALUES (125, 6, 47);
INSERT INTO etudiant_leçon VALUES (126, 6, 47);
INSERT INTO etudiant_leçon VALUES (127, 12, 47);
INSERT INTO etudiant_leçon VALUES (128, 10, 47);
INSERT INTO etudiant_leçon VALUES (129, 7, 47);
INSERT INTO etudiant_leçon VALUES (130, 12, 47);
INSERT INTO etudiant_leçon VALUES (131, 12, 47);
INSERT INTO etudiant_leçon VALUES (132, 8, 47);
INSERT INTO etudiant_leçon VALUES (133, 11, 47);

INSERT INTO etudiant_leçon VALUES (118, 7, 48);
INSERT INTO etudiant_leçon VALUES (119, 8, 48);
INSERT INTO etudiant_leçon VALUES (120, 9, 48);
INSERT INTO etudiant_leçon VALUES (121, 10, 48);
INSERT INTO etudiant_leçon VALUES (122, 9, 48);
INSERT INTO etudiant_leçon VALUES (123, 10, 48);
INSERT INTO etudiant_leçon VALUES (124, 11, 48);
INSERT INTO etudiant_leçon VALUES (125, 6, 48);
INSERT INTO etudiant_leçon VALUES (126, 6, 48);
INSERT INTO etudiant_leçon VALUES (127, 12, 48);
INSERT INTO etudiant_leçon VALUES (128, 10, 48);
INSERT INTO etudiant_leçon VALUES (129, 7, 48);
INSERT INTO etudiant_leçon VALUES (130, 12, 48);
INSERT INTO etudiant_leçon VALUES (131, 12, 48);
INSERT INTO etudiant_leçon VALUES (132, 8, 48);
INSERT INTO etudiant_leçon VALUES (133, 11, 48);

INSERT INTO etudiant_leçon VALUES (118, 7, 49);
INSERT INTO etudiant_leçon VALUES (119, 8, 49);
INSERT INTO etudiant_leçon VALUES (120, 9, 49);
INSERT INTO etudiant_leçon VALUES (121, 10, 49);
INSERT INTO etudiant_leçon VALUES (122, 9, 49);
INSERT INTO etudiant_leçon VALUES (123, 10, 49);
INSERT INTO etudiant_leçon VALUES (124, 11, 49);
INSERT INTO etudiant_leçon VALUES (125, 6, 49);
INSERT INTO etudiant_leçon VALUES (126, 6, 49);
INSERT INTO etudiant_leçon VALUES (127, 12, 49);
INSERT INTO etudiant_leçon VALUES (128, 10, 49);
INSERT INTO etudiant_leçon VALUES (129, 7, 49);
INSERT INTO etudiant_leçon VALUES (130, 12, 49);
INSERT INTO etudiant_leçon VALUES (131, 12, 49);
INSERT INTO etudiant_leçon VALUES (132, 8, 49);
INSERT INTO etudiant_leçon VALUES (133, 11, 49);

INSERT INTO etudiant_leçon VALUES (118, 7, 50);
INSERT INTO etudiant_leçon VALUES (119, 8, 50);
INSERT INTO etudiant_leçon VALUES (120, 9, 50);
INSERT INTO etudiant_leçon VALUES (121, 10, 50);
INSERT INTO etudiant_leçon VALUES (122, 9, 50);
INSERT INTO etudiant_leçon VALUES (123, 10, 50);
INSERT INTO etudiant_leçon VALUES (124, 11, 50);
INSERT INTO etudiant_leçon VALUES (125, 6, 50);
INSERT INTO etudiant_leçon VALUES (126, 6, 50);
INSERT INTO etudiant_leçon VALUES (127, 12, 50);
INSERT INTO etudiant_leçon VALUES (128, 10, 50);
INSERT INTO etudiant_leçon VALUES (129, 7, 50);
INSERT INTO etudiant_leçon VALUES (130, 12, 50);
INSERT INTO etudiant_leçon VALUES (131, 12, 50);
INSERT INTO etudiant_leçon VALUES (132, 8, 50);
INSERT INTO etudiant_leçon VALUES (133, 11, 50);

INSERT INTO etudiant_leçon VALUES (118, 7, 51);
INSERT INTO etudiant_leçon VALUES (119, 8, 51);
INSERT INTO etudiant_leçon VALUES (120, 9, 51);
INSERT INTO etudiant_leçon VALUES (121, 10, 51);
INSERT INTO etudiant_leçon VALUES (122, 9, 51);
INSERT INTO etudiant_leçon VALUES (123, 10, 51);
INSERT INTO etudiant_leçon VALUES (124, 11, 51);
INSERT INTO etudiant_leçon VALUES (125, 6, 51);
INSERT INTO etudiant_leçon VALUES (126, 6, 51);
INSERT INTO etudiant_leçon VALUES (127, 12, 51);
INSERT INTO etudiant_leçon VALUES (128, 10, 51);
INSERT INTO etudiant_leçon VALUES (129, 7, 51);
INSERT INTO etudiant_leçon VALUES (130, 12, 51);
INSERT INTO etudiant_leçon VALUES (131, 12, 51);
INSERT INTO etudiant_leçon VALUES (132, 8, 51);
INSERT INTO etudiant_leçon VALUES (133, 11, 51);

-- Classe 2
INSERT INTO etudiant_leçon VALUES (134, 7, 52);
INSERT INTO etudiant_leçon VALUES (135, 8, 52);
INSERT INTO etudiant_leçon VALUES (120, 9, 52);
INSERT INTO etudiant_leçon VALUES (136, 12, 52);
INSERT INTO etudiant_leçon VALUES (137, 11, 52);
INSERT INTO etudiant_leçon VALUES (139, 10, 52);
INSERT INTO etudiant_leçon VALUES (140, 10, 52);
INSERT INTO etudiant_leçon VALUES (141, 7, 52);
INSERT INTO etudiant_leçon VALUES (125, 6, 52);
INSERT INTO etudiant_leçon VALUES (143, 10, 52);
INSERT INTO etudiant_leçon VALUES (144, 8, 52);
INSERT INTO etudiant_leçon VALUES (145, 6, 52);
INSERT INTO etudiant_leçon VALUES (146, 9, 52);
INSERT INTO etudiant_leçon VALUES (147, 12, 52);
INSERT INTO etudiant_leçon VALUES (148, 12, 52);
INSERT INTO etudiant_leçon VALUES (149, 11, 52);

INSERT INTO etudiant_leçon VALUES (134, 7, 53);
INSERT INTO etudiant_leçon VALUES (135, 8, 53);
INSERT INTO etudiant_leçon VALUES (120, 9, 53);
INSERT INTO etudiant_leçon VALUES (136, 12, 53);
INSERT INTO etudiant_leçon VALUES (137, 11, 53);
INSERT INTO etudiant_leçon VALUES (139, 10, 53);
INSERT INTO etudiant_leçon VALUES (140, 10, 53);
INSERT INTO etudiant_leçon VALUES (141, 7, 53);
INSERT INTO etudiant_leçon VALUES (125, 6, 53);
INSERT INTO etudiant_leçon VALUES (143, 10, 53);
INSERT INTO etudiant_leçon VALUES (144, 8, 53);
INSERT INTO etudiant_leçon VALUES (145, 6, 53);
INSERT INTO etudiant_leçon VALUES (146, 9, 53);
INSERT INTO etudiant_leçon VALUES (147, 12, 53);
INSERT INTO etudiant_leçon VALUES (148, 12, 53);
INSERT INTO etudiant_leçon VALUES (149, 11, 53);

INSERT INTO etudiant_leçon VALUES (134, 7, 54);
INSERT INTO etudiant_leçon VALUES (135, 8, 54);
INSERT INTO etudiant_leçon VALUES (120, 9, 54);
INSERT INTO etudiant_leçon VALUES (136, 12, 54);
INSERT INTO etudiant_leçon VALUES (137, 11, 54);
INSERT INTO etudiant_leçon VALUES (139, 10, 54);
INSERT INTO etudiant_leçon VALUES (140, 10, 54);
INSERT INTO etudiant_leçon VALUES (141, 7, 54);
INSERT INTO etudiant_leçon VALUES (125, 6, 54);
INSERT INTO etudiant_leçon VALUES (143, 10, 54);
INSERT INTO etudiant_leçon VALUES (144, 8, 54);
INSERT INTO etudiant_leçon VALUES (145, 6, 54);
INSERT INTO etudiant_leçon VALUES (146, 9, 54);
INSERT INTO etudiant_leçon VALUES (147, 12, 54);
INSERT INTO etudiant_leçon VALUES (148, 12, 54);
INSERT INTO etudiant_leçon VALUES (149, 11, 54);

INSERT INTO etudiant_leçon VALUES (134, 7, 55);
INSERT INTO etudiant_leçon VALUES (135, 8, 55);
INSERT INTO etudiant_leçon VALUES (120, 9, 55);
INSERT INTO etudiant_leçon VALUES (136, 12, 55);
INSERT INTO etudiant_leçon VALUES (137, 11, 55);
INSERT INTO etudiant_leçon VALUES (139, 10, 55);
INSERT INTO etudiant_leçon VALUES (140, 10, 55);
INSERT INTO etudiant_leçon VALUES (141, 7, 55);
INSERT INTO etudiant_leçon VALUES (125, 6, 55);
INSERT INTO etudiant_leçon VALUES (143, 10, 55);
INSERT INTO etudiant_leçon VALUES (144, 8, 55);
INSERT INTO etudiant_leçon VALUES (145, 6, 55);
INSERT INTO etudiant_leçon VALUES (146, 9, 55);
INSERT INTO etudiant_leçon VALUES (147, 12, 55);
INSERT INTO etudiant_leçon VALUES (148, 12, 55);
INSERT INTO etudiant_leçon VALUES (149, 11, 55);

INSERT INTO etudiant_leçon VALUES (134, 7, 56);
INSERT INTO etudiant_leçon VALUES (135, 8, 56);
INSERT INTO etudiant_leçon VALUES (120, 9, 56);
INSERT INTO etudiant_leçon VALUES (136, 12, 56);
INSERT INTO etudiant_leçon VALUES (137, 11, 56);
INSERT INTO etudiant_leçon VALUES (139, 10, 56);
INSERT INTO etudiant_leçon VALUES (140, 10, 56);
INSERT INTO etudiant_leçon VALUES (141, 7, 56);
INSERT INTO etudiant_leçon VALUES (125, 6, 56);
INSERT INTO etudiant_leçon VALUES (143, 10, 56);
INSERT INTO etudiant_leçon VALUES (144, 8, 56);
INSERT INTO etudiant_leçon VALUES (145, 6, 56);
INSERT INTO etudiant_leçon VALUES (146, 9, 56);
INSERT INTO etudiant_leçon VALUES (147, 12, 56);
INSERT INTO etudiant_leçon VALUES (148, 12, 56);
INSERT INTO etudiant_leçon VALUES (149, 11, 56);

-- - 3eme - 2021 / S1
-- Classe 1
INSERT INTO etudiant_leçon VALUES (150, 47, 57);
INSERT INTO etudiant_leçon VALUES (151, 48, 57);
INSERT INTO etudiant_leçon VALUES (152, 50, 57);
INSERT INTO etudiant_leçon VALUES (153, 49, 57);
INSERT INTO etudiant_leçon VALUES (154, 50, 57);
INSERT INTO etudiant_leçon VALUES (155, 51, 57);
INSERT INTO etudiant_leçon VALUES (156, 53, 57);
INSERT INTO etudiant_leçon VALUES (157, 52, 57);
INSERT INTO etudiant_leçon VALUES (158, 53, 57);
INSERT INTO etudiant_leçon VALUES (159, 54, 57);
INSERT INTO etudiant_leçon VALUES (160, 48, 57);
INSERT INTO etudiant_leçon VALUES (161, 51, 57);
INSERT INTO etudiant_leçon VALUES (162, 52, 57);
INSERT INTO etudiant_leçon VALUES (163, 47, 57);

INSERT INTO etudiant_leçon VALUES (150, 47, 58);
INSERT INTO etudiant_leçon VALUES (151, 48, 58);
INSERT INTO etudiant_leçon VALUES (152, 50, 58);
INSERT INTO etudiant_leçon VALUES (153, 49, 58);
INSERT INTO etudiant_leçon VALUES (154, 50, 58);
INSERT INTO etudiant_leçon VALUES (155, 51, 58);
INSERT INTO etudiant_leçon VALUES (156, 53, 58);
INSERT INTO etudiant_leçon VALUES (157, 52, 58);
INSERT INTO etudiant_leçon VALUES (158, 53, 58);
INSERT INTO etudiant_leçon VALUES (159, 54, 58);
INSERT INTO etudiant_leçon VALUES (160, 48, 58);
INSERT INTO etudiant_leçon VALUES (161, 51, 58);
INSERT INTO etudiant_leçon VALUES (162, 52, 58);
INSERT INTO etudiant_leçon VALUES (163, 47, 58);

INSERT INTO etudiant_leçon VALUES (150, 47, 59);
INSERT INTO etudiant_leçon VALUES (151, 48, 59);
INSERT INTO etudiant_leçon VALUES (152, 50, 59);
INSERT INTO etudiant_leçon VALUES (153, 49, 59);
INSERT INTO etudiant_leçon VALUES (154, 50, 59);
INSERT INTO etudiant_leçon VALUES (155, 51, 59);
INSERT INTO etudiant_leçon VALUES (156, 53, 59);
INSERT INTO etudiant_leçon VALUES (157, 52, 59);
INSERT INTO etudiant_leçon VALUES (158, 53, 59);
INSERT INTO etudiant_leçon VALUES (159, 54, 59);
INSERT INTO etudiant_leçon VALUES (160, 48, 59);
INSERT INTO etudiant_leçon VALUES (161, 51, 59);
INSERT INTO etudiant_leçon VALUES (162, 52, 59);
INSERT INTO etudiant_leçon VALUES (163, 47, 59);

INSERT INTO etudiant_leçon VALUES (150, 47, 60);
INSERT INTO etudiant_leçon VALUES (151, 48, 60);
INSERT INTO etudiant_leçon VALUES (152, 50, 60);
INSERT INTO etudiant_leçon VALUES (153, 49, 60);
INSERT INTO etudiant_leçon VALUES (154, 50, 60);
INSERT INTO etudiant_leçon VALUES (155, 51, 60);
INSERT INTO etudiant_leçon VALUES (156, 53, 60);
INSERT INTO etudiant_leçon VALUES (157, 52, 60);
INSERT INTO etudiant_leçon VALUES (158, 53, 60);
INSERT INTO etudiant_leçon VALUES (159, 54, 60);
INSERT INTO etudiant_leçon VALUES (160, 48, 60);
INSERT INTO etudiant_leçon VALUES (161, 51, 60);
INSERT INTO etudiant_leçon VALUES (162, 52, 60);
INSERT INTO etudiant_leçon VALUES (163, 47, 60);

INSERT INTO etudiant_leçon VALUES (150, 47, 61);
INSERT INTO etudiant_leçon VALUES (151, 48, 61);
INSERT INTO etudiant_leçon VALUES (152, 50, 61);
INSERT INTO etudiant_leçon VALUES (153, 49, 61);
INSERT INTO etudiant_leçon VALUES (154, 50, 61);
INSERT INTO etudiant_leçon VALUES (155, 51, 61);
INSERT INTO etudiant_leçon VALUES (156, 53, 61);
INSERT INTO etudiant_leçon VALUES (157, 52, 61);
INSERT INTO etudiant_leçon VALUES (158, 53, 61);
INSERT INTO etudiant_leçon VALUES (159, 54, 61);
INSERT INTO etudiant_leçon VALUES (160, 48, 61);
INSERT INTO etudiant_leçon VALUES (161, 51, 61);
INSERT INTO etudiant_leçon VALUES (162, 52, 61);
INSERT INTO etudiant_leçon VALUES (163, 47, 61);

-- Classe 2
INSERT INTO etudiant_leçon VALUES (164, 47, 62);
INSERT INTO etudiant_leçon VALUES (165, 55, 62);
INSERT INTO etudiant_leçon VALUES (166, 56, 62);
INSERT INTO etudiant_leçon VALUES (167, 56, 62);
INSERT INTO etudiant_leçon VALUES (168, 49, 62);
INSERT INTO etudiant_leçon VALUES (169, 50, 62);
INSERT INTO etudiant_leçon VALUES (170, 50, 62);
INSERT INTO etudiant_leçon VALUES (155, 51, 62);
INSERT INTO etudiant_leçon VALUES (171, 51, 62);
INSERT INTO etudiant_leçon VALUES (172, 57, 62);
INSERT INTO etudiant_leçon VALUES (173, 58, 62);
INSERT INTO etudiant_leçon VALUES (174, 58, 62);
INSERT INTO etudiant_leçon VALUES (175, 47, 62);

INSERT INTO etudiant_leçon VALUES (164, 47, 63);
INSERT INTO etudiant_leçon VALUES (165, 55, 63);
INSERT INTO etudiant_leçon VALUES (166, 56, 63);
INSERT INTO etudiant_leçon VALUES (167, 56, 63);
INSERT INTO etudiant_leçon VALUES (168, 49, 63);
INSERT INTO etudiant_leçon VALUES (169, 50, 63);
INSERT INTO etudiant_leçon VALUES (170, 50, 63);
INSERT INTO etudiant_leçon VALUES (155, 51, 63);
INSERT INTO etudiant_leçon VALUES (171, 51, 63);
INSERT INTO etudiant_leçon VALUES (172, 57, 63);
INSERT INTO etudiant_leçon VALUES (173, 58, 63);
INSERT INTO etudiant_leçon VALUES (174, 58, 63);
INSERT INTO etudiant_leçon VALUES (175, 47, 63);

INSERT INTO etudiant_leçon VALUES (164, 47, 64);
INSERT INTO etudiant_leçon VALUES (165, 55, 64);
INSERT INTO etudiant_leçon VALUES (166, 56, 64);
INSERT INTO etudiant_leçon VALUES (167, 56, 64);
INSERT INTO etudiant_leçon VALUES (168, 49, 64);
INSERT INTO etudiant_leçon VALUES (169, 50, 64);
INSERT INTO etudiant_leçon VALUES (170, 50, 64);
INSERT INTO etudiant_leçon VALUES (155, 51, 64);
INSERT INTO etudiant_leçon VALUES (171, 51, 64);
INSERT INTO etudiant_leçon VALUES (172, 57, 64);
INSERT INTO etudiant_leçon VALUES (173, 58, 64);
INSERT INTO etudiant_leçon VALUES (174, 58, 64);
INSERT INTO etudiant_leçon VALUES (175, 47, 64);

INSERT INTO etudiant_leçon VALUES (164, 47, 65);
INSERT INTO etudiant_leçon VALUES (165, 55, 65);
INSERT INTO etudiant_leçon VALUES (166, 56, 65);
INSERT INTO etudiant_leçon VALUES (167, 56, 65);
INSERT INTO etudiant_leçon VALUES (168, 49, 65);
INSERT INTO etudiant_leçon VALUES (169, 50, 65);
INSERT INTO etudiant_leçon VALUES (170, 50, 65);
INSERT INTO etudiant_leçon VALUES (155, 51, 65);
INSERT INTO etudiant_leçon VALUES (171, 51, 65);
INSERT INTO etudiant_leçon VALUES (172, 57, 65);
INSERT INTO etudiant_leçon VALUES (173, 58, 65);
INSERT INTO etudiant_leçon VALUES (174, 58, 65);
INSERT INTO etudiant_leçon VALUES (175, 47, 65);

INSERT INTO etudiant_leçon VALUES (164, 47, 66);
INSERT INTO etudiant_leçon VALUES (165, 55, 66);
INSERT INTO etudiant_leçon VALUES (166, 56, 66);
INSERT INTO etudiant_leçon VALUES (167, 56, 66);
INSERT INTO etudiant_leçon VALUES (168, 49, 66);
INSERT INTO etudiant_leçon VALUES (169, 50, 66);
INSERT INTO etudiant_leçon VALUES (170, 50, 66);
INSERT INTO etudiant_leçon VALUES (155, 51, 66);
INSERT INTO etudiant_leçon VALUES (171, 51, 66);
INSERT INTO etudiant_leçon VALUES (172, 57, 66);
INSERT INTO etudiant_leçon VALUES (173, 58, 66);
INSERT INTO etudiant_leçon VALUES (174, 58, 66);
INSERT INTO etudiant_leçon VALUES (175, 47, 66);

-- TEs
INSERT INTO test VALUES (0, 0, 'TE', 'TE 1');
INSERT INTO test VALUES (1, 1, 'TE', 'TE 1');
INSERT INTO test VALUES (2, 2, 'TE', 'TE 1');
INSERT INTO test VALUES (3, 3, 'TE', 'TE 1');
INSERT INTO test VALUES (4, 4, 'TE', 'TE 1');
INSERT INTO test VALUES (5, 5, 'TE', 'TE 1');
INSERT INTO test VALUES (6, 6, 'TE', 'TE 1');
INSERT INTO test VALUES (7, 7, 'TE', 'TE 1');
INSERT INTO test VALUES (8, 8, 'TE', 'TE 1');
INSERT INTO test VALUES (9, 9, 'TE', 'TE 1');
INSERT INTO test VALUES (10, 10, 'TE', 'TE 1');
INSERT INTO test VALUES (11, 11, 'TE', 'TE 1');
INSERT INTO test VALUES (12, 12, 'TE', 'TE 1');
INSERT INTO test VALUES (20, 20, 'TE', 'TE 1');
INSERT INTO test VALUES (21, 21, 'TE', 'TE 1');
INSERT INTO test VALUES (22, 22, 'TE', 'TE 1');
INSERT INTO test VALUES (23, 23, 'TE', 'TE 1');
INSERT INTO test VALUES (24, 24, 'TE', 'TE 1');
INSERT INTO test VALUES (25, 25, 'TE', 'TE 1');
INSERT INTO test VALUES (26, 26, 'TE', 'TE 1');
INSERT INTO test VALUES (41, 41, 'TE', 'TE 1');
INSERT INTO test VALUES (42, 42, 'TE', 'TE 1');
INSERT INTO test VALUES (43, 43, 'TE', 'TE 1');
INSERT INTO test VALUES (44, 44, 'TE', 'TE 1');
INSERT INTO test VALUES (45, 45, 'TE', 'TE 1');
INSERT INTO test VALUES (46, 46, 'TE', 'TE 1');
INSERT INTO test VALUES (47, 47, 'TE', 'TE 1');
INSERT INTO test VALUES (48, 48, 'TE', 'TE 1');
INSERT INTO test VALUES (49, 49, 'TE', 'TE 1');
INSERT INTO test VALUES (50, 50, 'TE', 'TE 1');
INSERT INTO test VALUES (51, 51, 'TE', 'TE 1');
INSERT INTO test VALUES (52, 52, 'TE', 'TE 1');
INSERT INTO test VALUES (53, 53, 'TE', 'TE 1');
INSERT INTO test VALUES (54, 54, 'TE', 'TE 1');
INSERT INTO test VALUES (55, 55, 'TE', 'TE 1');
INSERT INTO test VALUES (56, 56, 'TE', 'TE 1');
INSERT INTO test VALUES (57, 57, 'TE', 'TE 1');

INSERT INTO test VALUES (58, 0, 'TE', 'TE 2');
INSERT INTO test VALUES (59, 1, 'TE', 'TE 2');
INSERT INTO test VALUES (60, 2, 'TE', 'TE 2');
INSERT INTO test VALUES (61, 3, 'TE', 'TE 2');
INSERT INTO test VALUES (62, 4, 'TE', 'TE 2');
INSERT INTO test VALUES (63, 5, 'TE', 'TE 2');
INSERT INTO test VALUES (64, 6, 'TE', 'TE 2');
INSERT INTO test VALUES (65, 7, 'TE', 'TE 2');
INSERT INTO test VALUES (66, 8, 'TE', 'TE 2');
INSERT INTO test VALUES (67, 9, 'TE', 'TE 2');
INSERT INTO test VALUES (68, 10, 'TE', 'TE 2');
INSERT INTO test VALUES (69, 11, 'TE', 'TE 2');
INSERT INTO test VALUES (70, 12, 'TE', 'TE 2');
INSERT INTO test VALUES (78, 20, 'TE', 'TE 2');
INSERT INTO test VALUES (79, 21, 'TE', 'TE 2');
INSERT INTO test VALUES (80, 22, 'TE', 'TE 2');
INSERT INTO test VALUES (81, 23, 'TE', 'TE 2');
INSERT INTO test VALUES (82, 24, 'TE', 'TE 2');
INSERT INTO test VALUES (83, 25, 'TE', 'TE 2');
INSERT INTO test VALUES (84, 26, 'TE', 'TE 2');
INSERT INTO test VALUES (99, 41, 'TE', 'TE 2');
INSERT INTO test VALUES (100, 42, 'TE', 'TE 2');
INSERT INTO test VALUES (101, 43, 'TE', 'TE 2');
INSERT INTO test VALUES (102, 44, 'TE', 'TE 2');
INSERT INTO test VALUES (103, 45, 'TE', 'TE 2');
INSERT INTO test VALUES (104, 46, 'TE', 'TE 2');
INSERT INTO test VALUES (105, 47, 'TE', 'TE 2');
INSERT INTO test VALUES (106, 48, 'TE', 'TE 2');
INSERT INTO test VALUES (107, 49, 'TE', 'TE 2');
INSERT INTO test VALUES (108, 50, 'TE', 'TE 2');
INSERT INTO test VALUES (109, 51, 'TE', 'TE 2');
INSERT INTO test VALUES (110, 52, 'TE', 'TE 2');
INSERT INTO test VALUES (111, 53, 'TE', 'TE 2');
INSERT INTO test VALUES (112, 54, 'TE', 'TE 2');
INSERT INTO test VALUES (113, 55, 'TE', 'TE 2');
INSERT INTO test VALUES (114, 56, 'TE', 'TE 2');
INSERT INTO test VALUES (115, 57, 'TE', 'TE 2');

INSERT INTO test VALUES (116, 0, 'TE', 'TE 3');
INSERT INTO test VALUES (117, 1, 'TE', 'TE 3');
INSERT INTO test VALUES (118, 2, 'TE', 'TE 3');
INSERT INTO test VALUES (119, 3, 'TE', 'TE 3');
INSERT INTO test VALUES (120, 4, 'TE', 'TE 3');
INSERT INTO test VALUES (121, 5, 'TE', 'TE 3');
INSERT INTO test VALUES (122, 6, 'TE', 'TE 3');
INSERT INTO test VALUES (123, 7, 'TE', 'TE 3');
INSERT INTO test VALUES (124, 8, 'TE', 'TE 3');
INSERT INTO test VALUES (125, 9, 'TE', 'TE 3');
INSERT INTO test VALUES (126, 10, 'TE', 'TE 3');
INSERT INTO test VALUES (127, 11, 'TE', 'TE 3');
INSERT INTO test VALUES (128, 12, 'TE', 'TE 3');
INSERT INTO test VALUES (136, 20, 'TE', 'TE 3');
INSERT INTO test VALUES (137, 21, 'TE', 'TE 3');
INSERT INTO test VALUES (138, 22, 'TE', 'TE 3');
INSERT INTO test VALUES (139, 23, 'TE', 'TE 3');
INSERT INTO test VALUES (140, 24, 'TE', 'TE 3');
INSERT INTO test VALUES (141, 25, 'TE', 'TE 3');
INSERT INTO test VALUES (142, 26, 'TE', 'TE 3');
INSERT INTO test VALUES (157, 41, 'TE', 'TE 3');
INSERT INTO test VALUES (158, 42, 'TE', 'TE 3');
INSERT INTO test VALUES (159, 43, 'TE', 'TE 3');
INSERT INTO test VALUES (160, 44, 'TE', 'TE 3');
INSERT INTO test VALUES (161, 45, 'TE', 'TE 3');
INSERT INTO test VALUES (162, 46, 'TE', 'TE 3');
INSERT INTO test VALUES (163, 47, 'TE', 'TE 3');
INSERT INTO test VALUES (164, 48, 'TE', 'TE 3');
INSERT INTO test VALUES (165, 49, 'TE', 'TE 3');
INSERT INTO test VALUES (166, 50, 'TE', 'TE 3');
INSERT INTO test VALUES (167, 51, 'TE', 'TE 3');
INSERT INTO test VALUES (168, 52, 'TE', 'TE 3');
INSERT INTO test VALUES (169, 53, 'TE', 'TE 3');
INSERT INTO test VALUES (170, 54, 'TE', 'TE 3');
INSERT INTO test VALUES (171, 55, 'TE', 'TE 3');
INSERT INTO test VALUES (172, 56, 'TE', 'TE 3');
INSERT INTO test VALUES (173, 57, 'TE', 'TE 3');

-- TPs
INSERT INTO test VALUES (174, 0, 'TP', 'TP 1');
INSERT INTO test VALUES (175, 1, 'TP', 'TP 1');
INSERT INTO test VALUES (176, 2, 'TP', 'TP 1');
INSERT INTO test VALUES (177, 3, 'TP', 'TP 1');
INSERT INTO test VALUES (178, 4, 'TP', 'TP 1');
INSERT INTO test VALUES (179, 5, 'TP', 'TP 1');
INSERT INTO test VALUES (180, 6, 'TP', 'TP 1');
INSERT INTO test VALUES (181, 7, 'TP', 'TP 1');
INSERT INTO test VALUES (182, 8, 'TP', 'TP 1');
INSERT INTO test VALUES (183, 9, 'TP', 'TP 1');
INSERT INTO test VALUES (184, 10, 'TP', 'TP 1');
INSERT INTO test VALUES (185, 11, 'TP', 'TP 1');
INSERT INTO test VALUES (186, 12, 'TP', 'TP 1');
INSERT INTO test VALUES (194, 20, 'TP', 'TP 1');
INSERT INTO test VALUES (195, 21, 'TP', 'TP 1');
INSERT INTO test VALUES (196, 22, 'TP', 'TP 1');
INSERT INTO test VALUES (197, 23, 'TP', 'TP 1');
INSERT INTO test VALUES (198, 24, 'TP', 'TP 1');
INSERT INTO test VALUES (199, 25, 'TP', 'TP 1');
INSERT INTO test VALUES (200, 26, 'TP', 'TP 1');
INSERT INTO test VALUES (215, 41, 'TP', 'TP 1');
INSERT INTO test VALUES (216, 42, 'TP', 'TP 1');
INSERT INTO test VALUES (217, 43, 'TP', 'TP 1');
INSERT INTO test VALUES (218, 44, 'TP', 'TP 1');
INSERT INTO test VALUES (219, 45, 'TP', 'TP 1');
INSERT INTO test VALUES (220, 46, 'TP', 'TP 1');
INSERT INTO test VALUES (221, 47, 'TP', 'TP 1');
INSERT INTO test VALUES (222, 48, 'TP', 'TP 1');
INSERT INTO test VALUES (223, 49, 'TP', 'TP 1');
INSERT INTO test VALUES (224, 50, 'TP', 'TP 1');
INSERT INTO test VALUES (225, 51, 'TP', 'TP 1');
INSERT INTO test VALUES (226, 52, 'TP', 'TP 1');
INSERT INTO test VALUES (227, 53, 'TP', 'TP 1');
INSERT INTO test VALUES (228, 54, 'TP', 'TP 1');
INSERT INTO test VALUES (229, 55, 'TP', 'TP 1');
INSERT INTO test VALUES (230, 56, 'TP', 'TP 1');
INSERT INTO test VALUES (231, 57, 'TP', 'TP 1');

INSERT INTO test VALUES (232, 0, 'TP', 'TP 2');
INSERT INTO test VALUES (233, 1, 'TP', 'TP 2');
INSERT INTO test VALUES (234, 2, 'TP', 'TP 2');
INSERT INTO test VALUES (235, 3, 'TP', 'TP 2');
INSERT INTO test VALUES (236, 4, 'TP', 'TP 2');
INSERT INTO test VALUES (237, 5, 'TP', 'TP 2');
INSERT INTO test VALUES (238, 6, 'TP', 'TP 2');
INSERT INTO test VALUES (239, 7, 'TP', 'TP 2');
INSERT INTO test VALUES (240, 8, 'TP', 'TP 2');
INSERT INTO test VALUES (241, 9, 'TP', 'TP 2');
INSERT INTO test VALUES (242, 10, 'TP', 'TP 2');
INSERT INTO test VALUES (243, 11, 'TP', 'TP 2');
INSERT INTO test VALUES (244, 12, 'TP', 'TP 2');
INSERT INTO test VALUES (252, 20, 'TP', 'TP 2');
INSERT INTO test VALUES (253, 21, 'TP', 'TP 2');
INSERT INTO test VALUES (254, 22, 'TP', 'TP 2');
INSERT INTO test VALUES (255, 23, 'TP', 'TP 2');
INSERT INTO test VALUES (256, 24, 'TP', 'TP 2');
INSERT INTO test VALUES (257, 25, 'TP', 'TP 2');
INSERT INTO test VALUES (258, 26, 'TP', 'TP 2');
INSERT INTO test VALUES (273, 41, 'TP', 'TP 2');
INSERT INTO test VALUES (274, 42, 'TP', 'TP 2');
INSERT INTO test VALUES (275, 43, 'TP', 'TP 2');
INSERT INTO test VALUES (276, 44, 'TP', 'TP 2');
INSERT INTO test VALUES (277, 45, 'TP', 'TP 2');
INSERT INTO test VALUES (278, 46, 'TP', 'TP 2');
INSERT INTO test VALUES (279, 47, 'TP', 'TP 2');
INSERT INTO test VALUES (280, 48, 'TP', 'TP 2');
INSERT INTO test VALUES (281, 49, 'TP', 'TP 2');
INSERT INTO test VALUES (282, 50, 'TP', 'TP 2');
INSERT INTO test VALUES (283, 51, 'TP', 'TP 2');
INSERT INTO test VALUES (284, 52, 'TP', 'TP 2');
INSERT INTO test VALUES (285, 53, 'TP', 'TP 2');
INSERT INTO test VALUES (286, 54, 'TP', 'TP 2');
INSERT INTO test VALUES (287, 55, 'TP', 'TP 2');
INSERT INTO test VALUES (288, 56, 'TP', 'TP 2');
INSERT INTO test VALUES (289, 57, 'TP', 'TP 2');

-- Notes
INSERT INTO etudiant_test VALUES (8, 1, 4.9);
INSERT INTO etudiant_test VALUES (7, 0, 3.2);
INSERT INTO etudiant_test VALUES (8, 0, 4.4);
INSERT INTO etudiant_test VALUES (9, 0, 2.7);
INSERT INTO etudiant_test VALUES (10, 0, 5.9);
INSERT INTO etudiant_test VALUES (11, 0, 4.7);
INSERT INTO etudiant_test VALUES (12, 0, 3.6);
INSERT INTO etudiant_test VALUES (13, 0, 1.1);
INSERT INTO etudiant_test VALUES (14, 0, 1.3);
INSERT INTO etudiant_test VALUES (15, 0, 3.5);
INSERT INTO etudiant_test VALUES (16, 0, 1.2);
INSERT INTO etudiant_test VALUES (17, 0, 3.8);
INSERT INTO etudiant_test VALUES (18, 0, 1.8);
INSERT INTO etudiant_test VALUES (19, 0, 5.9);
INSERT INTO etudiant_test VALUES (20, 0, 5.5);
INSERT INTO etudiant_test VALUES (21, 0, 4.8);

INSERT INTO etudiant_test VALUES (7, 1, 5.7);
INSERT INTO etudiant_test VALUES (9, 1, 3.3);
INSERT INTO etudiant_test VALUES (10, 1, 5.1);
INSERT INTO etudiant_test VALUES (11, 1, 2.4);
INSERT INTO etudiant_test VALUES (12, 1, 4.1);
INSERT INTO etudiant_test VALUES (13, 1, 5.6);
INSERT INTO etudiant_test VALUES (14, 1, 4.5);
INSERT INTO etudiant_test VALUES (15, 1, 1.6);
INSERT INTO etudiant_test VALUES (16, 1, 4.7);
INSERT INTO etudiant_test VALUES (17, 1, 3.1);
INSERT INTO etudiant_test VALUES (18, 1, 2.5);
INSERT INTO etudiant_test VALUES (19, 1, 5.0);
INSERT INTO etudiant_test VALUES (20, 1, 5.4);
INSERT INTO etudiant_test VALUES (21, 1, 3.6);

INSERT INTO etudiant_test VALUES (7, 2, 4.4);
INSERT INTO etudiant_test VALUES (8, 2, 2.3);
INSERT INTO etudiant_test VALUES (9, 2, 3.8);
INSERT INTO etudiant_test VALUES (10, 2, 2.2);
INSERT INTO etudiant_test VALUES (11, 2, 3.4);
INSERT INTO etudiant_test VALUES (12, 2, 3.7);
INSERT INTO etudiant_test VALUES (13, 2, 1.5);
INSERT INTO etudiant_test VALUES (14, 2, 5.9);
INSERT INTO etudiant_test VALUES (15, 2, 1.3);
INSERT INTO etudiant_test VALUES (16, 2, 2.6);
INSERT INTO etudiant_test VALUES (17, 2, 2.0);
INSERT INTO etudiant_test VALUES (18, 2, 3.1);
INSERT INTO etudiant_test VALUES (19, 2, 5.9);
INSERT INTO etudiant_test VALUES (20, 2, 5.9);
INSERT INTO etudiant_test VALUES (21, 2, 5.8);

INSERT INTO etudiant_test VALUES (7, 3, 1.0);
INSERT INTO etudiant_test VALUES (8, 3, 1.7);
INSERT INTO etudiant_test VALUES (9, 3, 5.1);
INSERT INTO etudiant_test VALUES (10, 3, 1.2);
INSERT INTO etudiant_test VALUES (11, 3, 5.7);
INSERT INTO etudiant_test VALUES (12, 3, 2.5);
INSERT INTO etudiant_test VALUES (13, 3, 1.9);
INSERT INTO etudiant_test VALUES (14, 3, 3.4);
INSERT INTO etudiant_test VALUES (15, 3, 5.7);
INSERT INTO etudiant_test VALUES (16, 3, 3.4);
INSERT INTO etudiant_test VALUES (17, 3, 5.8);
INSERT INTO etudiant_test VALUES (18, 3, 1.0);
INSERT INTO etudiant_test VALUES (19, 3, 3.4);
INSERT INTO etudiant_test VALUES (20, 3, 4.3);
INSERT INTO etudiant_test VALUES (21, 3, 1.6);

INSERT INTO etudiant_test VALUES (7, 4, 4.3);
INSERT INTO etudiant_test VALUES (8, 4, 1.7);
INSERT INTO etudiant_test VALUES (9, 4, 3.5);
INSERT INTO etudiant_test VALUES (10, 4, 4.8);
INSERT INTO etudiant_test VALUES (11, 4, 3.1);
INSERT INTO etudiant_test VALUES (12, 4, 5.3);
INSERT INTO etudiant_test VALUES (13, 4, 4.2);
INSERT INTO etudiant_test VALUES (14, 4, 3.5);
INSERT INTO etudiant_test VALUES (15, 4, 3.9);
INSERT INTO etudiant_test VALUES (16, 4, 5.1);
INSERT INTO etudiant_test VALUES (17, 4, 1.2);
INSERT INTO etudiant_test VALUES (18, 4, 1.2);
INSERT INTO etudiant_test VALUES (19, 4, 1.8);
INSERT INTO etudiant_test VALUES (20, 4, 3.4);
INSERT INTO etudiant_test VALUES (21, 4, 3.5);

INSERT INTO etudiant_test VALUES (7, 5, 4.5);
INSERT INTO etudiant_test VALUES (8, 5, 3.1);
INSERT INTO etudiant_test VALUES (9, 5, 2.8);
INSERT INTO etudiant_test VALUES (10, 5, 5.1);
INSERT INTO etudiant_test VALUES (11, 5, 3.6);
INSERT INTO etudiant_test VALUES (12, 5, 5.2);
INSERT INTO etudiant_test VALUES (13, 5, 4.1);
INSERT INTO etudiant_test VALUES (14, 5, 5.1);
INSERT INTO etudiant_test VALUES (15, 5, 2.5);
INSERT INTO etudiant_test VALUES (16, 5, 3.0);
INSERT INTO etudiant_test VALUES (17, 5, 2.3);
INSERT INTO etudiant_test VALUES (18, 5, 1.3);
INSERT INTO etudiant_test VALUES (19, 5, 5.3);
INSERT INTO etudiant_test VALUES (20, 5, 2.5);
INSERT INTO etudiant_test VALUES (21, 5, 4.3);

INSERT INTO etudiant_test VALUES (7, 58, 1.8);
INSERT INTO etudiant_test VALUES (8, 58, 3.2);
INSERT INTO etudiant_test VALUES (9, 58, 3.1);
INSERT INTO etudiant_test VALUES (10, 58, 4.7);
INSERT INTO etudiant_test VALUES (11, 58, 4.1);
INSERT INTO etudiant_test VALUES (12, 58, 4.5);
INSERT INTO etudiant_test VALUES (13, 58, 1.5);
INSERT INTO etudiant_test VALUES (14, 58, 2.6);
INSERT INTO etudiant_test VALUES (15, 58, 5.7);
INSERT INTO etudiant_test VALUES (16, 58, 2.4);
INSERT INTO etudiant_test VALUES (17, 58, 2.0);
INSERT INTO etudiant_test VALUES (18, 58, 2.1);
INSERT INTO etudiant_test VALUES (19, 58, 2.0);
INSERT INTO etudiant_test VALUES (20, 58, 3.3);
INSERT INTO etudiant_test VALUES (21, 58, 5.7);

INSERT INTO etudiant_test VALUES (7, 59, 5.7);
INSERT INTO etudiant_test VALUES (8, 59, 4.1);
INSERT INTO etudiant_test VALUES (9, 59, 5.1);
INSERT INTO etudiant_test VALUES (10, 59, 1.9);
INSERT INTO etudiant_test VALUES (11, 59, 1.2);
INSERT INTO etudiant_test VALUES (12, 59, 1.4);
INSERT INTO etudiant_test VALUES (13, 59, 1.5);
INSERT INTO etudiant_test VALUES (14, 59, 1.9);
INSERT INTO etudiant_test VALUES (15, 59, 3.8);
INSERT INTO etudiant_test VALUES (16, 59, 5.1);
INSERT INTO etudiant_test VALUES (17, 59, 1.4);
INSERT INTO etudiant_test VALUES (18, 59, 1.2);
INSERT INTO etudiant_test VALUES (19, 59, 2.6);
INSERT INTO etudiant_test VALUES (20, 59, 3.8);
INSERT INTO etudiant_test VALUES (21, 59, 2.9);

INSERT INTO etudiant_test VALUES (7, 60, 3.7);
INSERT INTO etudiant_test VALUES (8, 60, 5.1);
INSERT INTO etudiant_test VALUES (9, 61, 2.0);
INSERT INTO etudiant_test VALUES (10, 60, 1.2);
INSERT INTO etudiant_test VALUES (11, 61, 4.6);
INSERT INTO etudiant_test VALUES (12, 61, 1.7);
INSERT INTO etudiant_test VALUES (13, 60, 3.4);
INSERT INTO etudiant_test VALUES (14, 61, 1.3);
INSERT INTO etudiant_test VALUES (15, 60, 1.7);
INSERT INTO etudiant_test VALUES (16, 61, 2.3);
INSERT INTO etudiant_test VALUES (17, 60, 3.9);
INSERT INTO etudiant_test VALUES (18, 61, 4.7);
INSERT INTO etudiant_test VALUES (19, 60, 3.6);
INSERT INTO etudiant_test VALUES (20, 60, 4.9);
INSERT INTO etudiant_test VALUES (21, 60, 1.3);

INSERT INTO etudiant_test VALUES (22, 41, 2.6);
INSERT INTO etudiant_test VALUES (23, 41, 4.7);
INSERT INTO etudiant_test VALUES (24, 41, 4.1);
INSERT INTO etudiant_test VALUES (25, 41, 3.9);
INSERT INTO etudiant_test VALUES (26, 41, 4.5);
INSERT INTO etudiant_test VALUES (27, 41, 5.5);
INSERT INTO etudiant_test VALUES (28, 41, 5.8);
INSERT INTO etudiant_test VALUES (29, 41, 5.7);
INSERT INTO etudiant_test VALUES (30, 41, 5.3);
INSERT INTO etudiant_test VALUES (31, 41, 4.1);
INSERT INTO etudiant_test VALUES (32, 41, 3.9);
INSERT INTO etudiant_test VALUES (33, 41, 3.1);
INSERT INTO etudiant_test VALUES (34, 41, 5.9);
INSERT INTO etudiant_test VALUES (35, 41, 5.1);
INSERT INTO etudiant_test VALUES (36, 41, 3.9);

INSERT INTO etudiant_test VALUES (22, 43, 1.9);
INSERT INTO etudiant_test VALUES (23, 43, 5.3);
INSERT INTO etudiant_test VALUES (24, 43, 2.0);
INSERT INTO etudiant_test VALUES (25, 43, 2.1);
INSERT INTO etudiant_test VALUES (26, 43, 5.0);
INSERT INTO etudiant_test VALUES (27, 43, 1.5);
INSERT INTO etudiant_test VALUES (28, 43, 5.6);
INSERT INTO etudiant_test VALUES (29, 43, 5.3);
INSERT INTO etudiant_test VALUES (30, 43, 5.3);
INSERT INTO etudiant_test VALUES (31, 43, 4.9);
INSERT INTO etudiant_test VALUES (32, 43, 1.2);
INSERT INTO etudiant_test VALUES (33, 43, 2.3);
INSERT INTO etudiant_test VALUES (34, 43, 2.3);
INSERT INTO etudiant_test VALUES (35, 43, 3.1);
INSERT INTO etudiant_test VALUES (36, 43, 1.5);

INSERT INTO etudiant_test VALUES (22, 44, 5.9);
INSERT INTO etudiant_test VALUES (23, 44, 2.6);
INSERT INTO etudiant_test VALUES (24, 44, 1.2);
INSERT INTO etudiant_test VALUES (25, 44, 6.0);
INSERT INTO etudiant_test VALUES (26, 44, 2.6);
INSERT INTO etudiant_test VALUES (27, 44, 3.9);
INSERT INTO etudiant_test VALUES (28, 44, 5.3);
INSERT INTO etudiant_test VALUES (29, 44, 4.0);
INSERT INTO etudiant_test VALUES (30, 44, 4.9);
INSERT INTO etudiant_test VALUES (31, 44, 4.6);
INSERT INTO etudiant_test VALUES (32, 44, 5.7);
INSERT INTO etudiant_test VALUES (33, 44, 3.2);
INSERT INTO etudiant_test VALUES (34, 44, 1.3);
INSERT INTO etudiant_test VALUES (35, 44, 2.6);
INSERT INTO etudiant_test VALUES (36, 44, 3.0);

INSERT INTO etudiant_test VALUES (22, 45, 3.3);
INSERT INTO etudiant_test VALUES (23, 45, 4.7);
INSERT INTO etudiant_test VALUES (24, 45, 1.4);
INSERT INTO etudiant_test VALUES (25, 45, 5.6);
INSERT INTO etudiant_test VALUES (26, 45, 4.3);
INSERT INTO etudiant_test VALUES (27, 45, 1.1);
INSERT INTO etudiant_test VALUES (28, 45, 3.1);
INSERT INTO etudiant_test VALUES (29, 45, 4.8);
INSERT INTO etudiant_test VALUES (30, 45, 5.7);
INSERT INTO etudiant_test VALUES (31, 45, 3.9);
INSERT INTO etudiant_test VALUES (32, 45, 2.4);
INSERT INTO etudiant_test VALUES (33, 45, 2.3);
INSERT INTO etudiant_test VALUES (34, 45, 5.5);
INSERT INTO etudiant_test VALUES (35, 45, 5.0);
INSERT INTO etudiant_test VALUES (36, 45, 1.9);

INSERT INTO etudiant_test VALUES (22, 46, 1.2);
INSERT INTO etudiant_test VALUES (23, 46, 4.4);
INSERT INTO etudiant_test VALUES (24, 46, 5.1);
INSERT INTO etudiant_test VALUES (25, 46, 2.8);
INSERT INTO etudiant_test VALUES (26, 46, 2.9);
INSERT INTO etudiant_test VALUES (27, 46, 5.5);
INSERT INTO etudiant_test VALUES (28, 46, 1.2);
INSERT INTO etudiant_test VALUES (29, 46, 4.9);
INSERT INTO etudiant_test VALUES (30, 46, 4.9);
INSERT INTO etudiant_test VALUES (31, 46, 4.2);
INSERT INTO etudiant_test VALUES (32, 46, 4.2);
INSERT INTO etudiant_test VALUES (33, 46, 3.1);
INSERT INTO etudiant_test VALUES (34, 46, 5.0);
INSERT INTO etudiant_test VALUES (35, 46, 1.8);
INSERT INTO etudiant_test VALUES (36, 46, 5.2);

INSERT INTO etudiant_test VALUES (22, 99, 4.1);
INSERT INTO etudiant_test VALUES (23, 99, 4.1);
INSERT INTO etudiant_test VALUES (24, 99, 5.9);
INSERT INTO etudiant_test VALUES (25, 99, 3.3);
INSERT INTO etudiant_test VALUES (26, 99, 4.2);
INSERT INTO etudiant_test VALUES (27, 99, 5.2);
INSERT INTO etudiant_test VALUES (28, 99, 2.2);
INSERT INTO etudiant_test VALUES (29, 99, 4.4);
INSERT INTO etudiant_test VALUES (30, 99, 2.5);
INSERT INTO etudiant_test VALUES (31, 99, 1.3);
INSERT INTO etudiant_test VALUES (32, 99, 4.3);
INSERT INTO etudiant_test VALUES (33, 99, 4.2);
INSERT INTO etudiant_test VALUES (34, 99, 2.7);
INSERT INTO etudiant_test VALUES (35, 99, 3.7);
INSERT INTO etudiant_test VALUES (36, 99, 4.3);

INSERT INTO etudiant_test VALUES (22, 100, 1.5);
INSERT INTO etudiant_test VALUES (23, 100, 2.0);
INSERT INTO etudiant_test VALUES (24, 100, 3.5);
INSERT INTO etudiant_test VALUES (25, 100, 4.8);
INSERT INTO etudiant_test VALUES (26, 100, 2.9);
INSERT INTO etudiant_test VALUES (27, 100, 2.2);
INSERT INTO etudiant_test VALUES (28, 100, 1.2);
INSERT INTO etudiant_test VALUES (29, 100, 5.7);
INSERT INTO etudiant_test VALUES (30, 100, 3.6);
INSERT INTO etudiant_test VALUES (31, 100, 4.5);
INSERT INTO etudiant_test VALUES (32, 100, 2.4);
INSERT INTO etudiant_test VALUES (33, 100, 2.7);
INSERT INTO etudiant_test VALUES (34, 100, 2.8);
INSERT INTO etudiant_test VALUES (35, 100, 1.8);
INSERT INTO etudiant_test VALUES (36, 100, 6.0);

INSERT INTO etudiant_test VALUES (22, 101, 5.7);
INSERT INTO etudiant_test VALUES (23, 101, 2.2);
INSERT INTO etudiant_test VALUES (24, 101, 4.1);
INSERT INTO etudiant_test VALUES (25, 101, 4.8);
INSERT INTO etudiant_test VALUES (26, 101, 4.3);
INSERT INTO etudiant_test VALUES (27, 101, 4.5);
INSERT INTO etudiant_test VALUES (28, 101, 5.1);
INSERT INTO etudiant_test VALUES (29, 101, 5.7);
INSERT INTO etudiant_test VALUES (30, 101, 5.6);
INSERT INTO etudiant_test VALUES (31, 101, 2.8);
INSERT INTO etudiant_test VALUES (32, 101, 5.7);
INSERT INTO etudiant_test VALUES (33, 101, 6.0);
INSERT INTO etudiant_test VALUES (34, 101, 2.7);
INSERT INTO etudiant_test VALUES (35, 101, 3.7);
INSERT INTO etudiant_test VALUES (36, 101, 2.4);

INSERT INTO etudiant_test VALUES (37, 20, 3.1);
INSERT INTO etudiant_test VALUES (38, 20, 6.0);
INSERT INTO etudiant_test VALUES (39, 20, 4.3);
INSERT INTO etudiant_test VALUES (40, 20, 2.0);
INSERT INTO etudiant_test VALUES (41, 20, 4.3);
INSERT INTO etudiant_test VALUES (42, 20, 2.0);
INSERT INTO etudiant_test VALUES (43, 20, 4.6);
INSERT INTO etudiant_test VALUES (44, 20, 4.4);
INSERT INTO etudiant_test VALUES (45, 20, 4.0);
INSERT INTO etudiant_test VALUES (46, 20, 4.3);

INSERT INTO etudiant_test VALUES (37, 21, 3.1);
INSERT INTO etudiant_test VALUES (38, 21, 4.6);
INSERT INTO etudiant_test VALUES (39, 21, 4.5);
INSERT INTO etudiant_test VALUES (40, 21, 2.6);
INSERT INTO etudiant_test VALUES (41, 21, 4.3);
INSERT INTO etudiant_test VALUES (42, 21, 2.4);
INSERT INTO etudiant_test VALUES (43, 21, 4.7);
INSERT INTO etudiant_test VALUES (44, 21, 3.3);
INSERT INTO etudiant_test VALUES (45, 21, 3.4);
INSERT INTO etudiant_test VALUES (46, 21, 2.8);

INSERT INTO etudiant_test VALUES (37, 22, 2.9);
INSERT INTO etudiant_test VALUES (38, 22, 2.7);
INSERT INTO etudiant_test VALUES (39, 22, 4.3);
INSERT INTO etudiant_test VALUES (40, 22, 3.1);
INSERT INTO etudiant_test VALUES (41, 22, 3.2);
INSERT INTO etudiant_test VALUES (42, 22, 5.5);
INSERT INTO etudiant_test VALUES (43, 22, 5.7);
INSERT INTO etudiant_test VALUES (44, 22, 4.4);
INSERT INTO etudiant_test VALUES (45, 22, 2.9);
INSERT INTO etudiant_test VALUES (46, 22, 4.7);

INSERT INTO etudiant_test VALUES (37, 23, 2.4);
INSERT INTO etudiant_test VALUES (38, 23, 2.0);
INSERT INTO etudiant_test VALUES (39, 23, 3.7);
INSERT INTO etudiant_test VALUES (40, 23, 5.4);
INSERT INTO etudiant_test VALUES (41, 23, 5.4);
INSERT INTO etudiant_test VALUES (42, 23, 5.4);
INSERT INTO etudiant_test VALUES (43, 23, 5.4);
INSERT INTO etudiant_test VALUES (44, 23, 2.6);
INSERT INTO etudiant_test VALUES (45, 23, 3.0);
INSERT INTO etudiant_test VALUES (46, 23, 2.5);

INSERT INTO etudiant_test VALUES (37, 24, 3.3);
INSERT INTO etudiant_test VALUES (38, 24, 5.4);
INSERT INTO etudiant_test VALUES (39, 24, 5.1);
INSERT INTO etudiant_test VALUES (40, 24, 3.8);
INSERT INTO etudiant_test VALUES (41, 24, 5.1);
INSERT INTO etudiant_test VALUES (42, 24, 4.4);
INSERT INTO etudiant_test VALUES (43, 24, 3.0);
INSERT INTO etudiant_test VALUES (44, 24, 5.3);
INSERT INTO etudiant_test VALUES (45, 24, 2.1);
INSERT INTO etudiant_test VALUES (46, 24, 3.6);

INSERT INTO etudiant_test VALUES (37, 25, 3.0);
INSERT INTO etudiant_test VALUES (38, 25, 3.8);
INSERT INTO etudiant_test VALUES (39, 25, 4.6);
INSERT INTO etudiant_test VALUES (40, 25, 3.3);
INSERT INTO etudiant_test VALUES (41, 25, 2.1);
INSERT INTO etudiant_test VALUES (42, 25, 2.8);
INSERT INTO etudiant_test VALUES (43, 25, 5.5);
INSERT INTO etudiant_test VALUES (44, 25, 2.3);
INSERT INTO etudiant_test VALUES (45, 25, 5.3);
INSERT INTO etudiant_test VALUES (46, 25, 4.9);

INSERT INTO etudiant_test VALUES (37, 26, 2.8);
INSERT INTO etudiant_test VALUES (38, 26, 2.7);
INSERT INTO etudiant_test VALUES (39, 26, 5.2);
INSERT INTO etudiant_test VALUES (40, 26, 5.7);
INSERT INTO etudiant_test VALUES (41, 26, 4.7);
INSERT INTO etudiant_test VALUES (42, 26, 2.7);
INSERT INTO etudiant_test VALUES (43, 26, 5.9);
INSERT INTO etudiant_test VALUES (44, 26, 4.2);
INSERT INTO etudiant_test VALUES (45, 26, 3.9);
INSERT INTO etudiant_test VALUES (46, 26, 4.0);

INSERT INTO etudiant_test VALUES (37, 78, 2.4);
INSERT INTO etudiant_test VALUES (38, 78, 4.7);
INSERT INTO etudiant_test VALUES (39, 78, 3.1);
INSERT INTO etudiant_test VALUES (40, 78, 3.4);
INSERT INTO etudiant_test VALUES (41, 78, 6.0);
INSERT INTO etudiant_test VALUES (42, 78, 2.2);
INSERT INTO etudiant_test VALUES (43, 78, 3.7);
INSERT INTO etudiant_test VALUES (44, 78, 3.8);
INSERT INTO etudiant_test VALUES (45, 78, 4.2);
INSERT INTO etudiant_test VALUES (46, 78, 3.9);

INSERT INTO etudiant_test VALUES (37, 79, 2.8);
INSERT INTO etudiant_test VALUES (38, 79, 2.8);
INSERT INTO etudiant_test VALUES (39, 79, 4.6);
INSERT INTO etudiant_test VALUES (40, 79, 3.9);
INSERT INTO etudiant_test VALUES (41, 79, 4.6);
INSERT INTO etudiant_test VALUES (42, 79, 4.6);
INSERT INTO etudiant_test VALUES (43, 79, 3.0);
INSERT INTO etudiant_test VALUES (44, 79, 2.5);
INSERT INTO etudiant_test VALUES (45, 79, 2.7);
INSERT INTO etudiant_test VALUES (46, 79, 2.6);

INSERT INTO etudiant_test VALUES (47, 6, 2.2);
INSERT INTO etudiant_test VALUES (48, 6, 5.9);
INSERT INTO etudiant_test VALUES (49, 6, 2.8);
INSERT INTO etudiant_test VALUES (50, 6, 4.5);
INSERT INTO etudiant_test VALUES (51, 6, 5.8);
INSERT INTO etudiant_test VALUES (52, 6, 3.2);
INSERT INTO etudiant_test VALUES (53, 6, 4.1);
INSERT INTO etudiant_test VALUES (54, 6, 3.8);
INSERT INTO etudiant_test VALUES (55, 6, 4.8);
INSERT INTO etudiant_test VALUES (56, 6, 3.0);

INSERT INTO etudiant_test VALUES (47, 8, 5.4);
INSERT INTO etudiant_test VALUES (48, 8, 4.5);
INSERT INTO etudiant_test VALUES (49, 8, 4.5);
INSERT INTO etudiant_test VALUES (50, 8, 5.4);
INSERT INTO etudiant_test VALUES (51, 8, 3.7);
INSERT INTO etudiant_test VALUES (52, 8, 4.5);
INSERT INTO etudiant_test VALUES (53, 8, 5.0);
INSERT INTO etudiant_test VALUES (54, 8, 2.0);
INSERT INTO etudiant_test VALUES (55, 8, 2.2);
INSERT INTO etudiant_test VALUES (56, 8, 2.2);

INSERT INTO etudiant_test VALUES (47, 9, 5.0);
INSERT INTO etudiant_test VALUES (48, 9, 4.4);
INSERT INTO etudiant_test VALUES (49, 9, 2.4);
INSERT INTO etudiant_test VALUES (50, 9, 2.2);
INSERT INTO etudiant_test VALUES (51, 9, 5.9);
INSERT INTO etudiant_test VALUES (52, 9, 3.3);
INSERT INTO etudiant_test VALUES (53, 9, 5.7);
INSERT INTO etudiant_test VALUES (54, 9, 3.4);
INSERT INTO etudiant_test VALUES (55, 9, 4.7);
INSERT INTO etudiant_test VALUES (56, 9, 5.1);

INSERT INTO etudiant_test VALUES (47, 10, 4.4);
INSERT INTO etudiant_test VALUES (48, 10, 3.9);
INSERT INTO etudiant_test VALUES (49, 10, 3.2);
INSERT INTO etudiant_test VALUES (50, 10, 5.5);
INSERT INTO etudiant_test VALUES (51, 10, 5.8);
INSERT INTO etudiant_test VALUES (52, 10, 2.4);
INSERT INTO etudiant_test VALUES (53, 10, 5.0);
INSERT INTO etudiant_test VALUES (54, 10, 3.1);
INSERT INTO etudiant_test VALUES (55, 10, 3.9);
INSERT INTO etudiant_test VALUES (56, 10, 2.0);

INSERT INTO etudiant_test VALUES (47, 11, 4.3);
INSERT INTO etudiant_test VALUES (48, 11, 2.4);
INSERT INTO etudiant_test VALUES (49, 11, 4.3);
INSERT INTO etudiant_test VALUES (50, 11, 4.5);
INSERT INTO etudiant_test VALUES (51, 11, 4.2);
INSERT INTO etudiant_test VALUES (52, 11, 2.5);
INSERT INTO etudiant_test VALUES (53, 11, 5.4);
INSERT INTO etudiant_test VALUES (54, 11, 5.3);
INSERT INTO etudiant_test VALUES (55, 11, 3.6);
INSERT INTO etudiant_test VALUES (56, 11, 4.1);

INSERT INTO etudiant_test VALUES (47, 12, 5.7);
INSERT INTO etudiant_test VALUES (48, 12, 2.8);
INSERT INTO etudiant_test VALUES (49, 12, 5.4);
INSERT INTO etudiant_test VALUES (50, 12, 3.4);
INSERT INTO etudiant_test VALUES (51, 12, 3.0);
INSERT INTO etudiant_test VALUES (52, 12, 5.7);
INSERT INTO etudiant_test VALUES (53, 12, 3.8);
INSERT INTO etudiant_test VALUES (54, 12, 3.2);
INSERT INTO etudiant_test VALUES (55, 12, 5.5);
INSERT INTO etudiant_test VALUES (56, 12, 2.4);

INSERT INTO etudiant_test VALUES (47, 64, 2.1);
INSERT INTO etudiant_test VALUES (48, 64, 3.7);
INSERT INTO etudiant_test VALUES (49, 64, 5.0);
INSERT INTO etudiant_test VALUES (50, 64, 3.3);
INSERT INTO etudiant_test VALUES (51, 64, 4.6);
INSERT INTO etudiant_test VALUES (52, 64, 5.9);
INSERT INTO etudiant_test VALUES (53, 64, 5.7);
INSERT INTO etudiant_test VALUES (54, 64, 4.4);
INSERT INTO etudiant_test VALUES (55, 64, 2.8);
INSERT INTO etudiant_test VALUES (56, 64, 5.1);

INSERT INTO etudiant_test VALUES (47, 66, 3.2);
INSERT INTO etudiant_test VALUES (48, 66, 5.2);
INSERT INTO etudiant_test VALUES (49, 66, 2.6);
INSERT INTO etudiant_test VALUES (50, 66, 4.6);
INSERT INTO etudiant_test VALUES (51, 66, 3.6);
INSERT INTO etudiant_test VALUES (52, 66, 3.6);
INSERT INTO etudiant_test VALUES (53, 66, 2.5);
INSERT INTO etudiant_test VALUES (54, 66, 5.7);
INSERT INTO etudiant_test VALUES (55, 66, 5.2);
INSERT INTO etudiant_test VALUES (56, 66, 2.2);

INSERT INTO etudiant_test VALUES (47, 67, 5.6);
INSERT INTO etudiant_test VALUES (48, 67, 3.6);
INSERT INTO etudiant_test VALUES (49, 67, 2.2);
INSERT INTO etudiant_test VALUES (50, 67, 5.0);
INSERT INTO etudiant_test VALUES (51, 67, 3.1);
INSERT INTO etudiant_test VALUES (52, 67, 2.7);
INSERT INTO etudiant_test VALUES (53, 67, 4.5);
INSERT INTO etudiant_test VALUES (54, 67, 2.9);
INSERT INTO etudiant_test VALUES (55, 67, 3.5);
INSERT INTO etudiant_test VALUES (56, 67, 2.3);

INSERT INTO etudiant_test VALUES (57, 47, 4.3);
INSERT INTO etudiant_test VALUES (58, 47, 5.9);
INSERT INTO etudiant_test VALUES (59, 47, 2.2);
INSERT INTO etudiant_test VALUES (60, 47, 3.8);
INSERT INTO etudiant_test VALUES (61, 47, 5.7);
INSERT INTO etudiant_test VALUES (62, 47, 3.7);
INSERT INTO etudiant_test VALUES (63, 47, 2.1);
INSERT INTO etudiant_test VALUES (64, 47, 4.0);
INSERT INTO etudiant_test VALUES (65, 47, 2.7);
INSERT INTO etudiant_test VALUES (66, 47, 2.8);

INSERT INTO etudiant_test VALUES (57, 49, 5.7);
INSERT INTO etudiant_test VALUES (58, 49, 4.1);
INSERT INTO etudiant_test VALUES (59, 49, 3.4);
INSERT INTO etudiant_test VALUES (60, 49, 2.6);
INSERT INTO etudiant_test VALUES (61, 49, 3.3);
INSERT INTO etudiant_test VALUES (62, 49, 5.6);
INSERT INTO etudiant_test VALUES (63, 49, 5.8);
INSERT INTO etudiant_test VALUES (64, 49, 2.1);
INSERT INTO etudiant_test VALUES (65, 49, 4.4);
INSERT INTO etudiant_test VALUES (66, 49, 2.8);

INSERT INTO etudiant_test VALUES (57, 50, 5.4);
INSERT INTO etudiant_test VALUES (58, 50, 2.4);
INSERT INTO etudiant_test VALUES (59, 50, 2.6);
INSERT INTO etudiant_test VALUES (60, 50, 2.1);
INSERT INTO etudiant_test VALUES (61, 50, 6.0);
INSERT INTO etudiant_test VALUES (62, 50, 2.3);
INSERT INTO etudiant_test VALUES (63, 50, 2.4);
INSERT INTO etudiant_test VALUES (64, 50, 3.8);
INSERT INTO etudiant_test VALUES (65, 50, 2.1);
INSERT INTO etudiant_test VALUES (66, 50, 2.4);

INSERT INTO etudiant_test VALUES (57, 51, 3.6);
INSERT INTO etudiant_test VALUES (58, 51, 2.9);
INSERT INTO etudiant_test VALUES (59, 51, 5.0);
INSERT INTO etudiant_test VALUES (60, 51, 3.7);
INSERT INTO etudiant_test VALUES (61, 51, 5.1);
INSERT INTO etudiant_test VALUES (62, 51, 3.5);
INSERT INTO etudiant_test VALUES (63, 51, 5.1);
INSERT INTO etudiant_test VALUES (64, 51, 3.8);
INSERT INTO etudiant_test VALUES (65, 51, 2.3);
INSERT INTO etudiant_test VALUES (66, 51, 4.6);

INSERT INTO etudiant_test VALUES (57, 105, 4.7);
INSERT INTO etudiant_test VALUES (58, 105, 5.0);
INSERT INTO etudiant_test VALUES (59, 105, 4.9);
INSERT INTO etudiant_test VALUES (60, 105, 3.0);
INSERT INTO etudiant_test VALUES (61, 105, 5.3);
INSERT INTO etudiant_test VALUES (62, 105, 5.0);
INSERT INTO etudiant_test VALUES (63, 105, 4.0);
INSERT INTO etudiant_test VALUES (64, 105, 3.8);
INSERT INTO etudiant_test VALUES (65, 105, 2.1);
INSERT INTO etudiant_test VALUES (66, 105, 2.4);

INSERT INTO etudiant_test VALUES (57, 107, 6.0);
INSERT INTO etudiant_test VALUES (58, 107, 2.4);
INSERT INTO etudiant_test VALUES (59, 107, 4.3);
INSERT INTO etudiant_test VALUES (60, 107, 2.8);
INSERT INTO etudiant_test VALUES (61, 107, 4.0);
INSERT INTO etudiant_test VALUES (62, 107, 2.8);
INSERT INTO etudiant_test VALUES (63, 107, 2.1);
INSERT INTO etudiant_test VALUES (64, 107, 3.7);
INSERT INTO etudiant_test VALUES (65, 107, 5.5);
INSERT INTO etudiant_test VALUES (66, 107, 4.5);

INSERT INTO etudiant_test VALUES (57, 108, 4.4);
INSERT INTO etudiant_test VALUES (58, 108, 3.0);
INSERT INTO etudiant_test VALUES (59, 108, 2.1);
INSERT INTO etudiant_test VALUES (60, 108, 2.0);
INSERT INTO etudiant_test VALUES (61, 108, 3.1);
INSERT INTO etudiant_test VALUES (62, 108, 4.5);
INSERT INTO etudiant_test VALUES (63, 108, 3.7);
INSERT INTO etudiant_test VALUES (64, 108, 4.1);
INSERT INTO etudiant_test VALUES (65, 108, 3.1);
INSERT INTO etudiant_test VALUES (66, 108, 4.0);

INSERT INTO etudiant_test VALUES (57, 109, 3.0);
INSERT INTO etudiant_test VALUES (58, 109, 4.0);
INSERT INTO etudiant_test VALUES (59, 109, 2.2);
INSERT INTO etudiant_test VALUES (60, 109, 3.5);
INSERT INTO etudiant_test VALUES (61, 109, 2.6);
INSERT INTO etudiant_test VALUES (62, 109, 4.5);
INSERT INTO etudiant_test VALUES (63, 109, 2.0);
INSERT INTO etudiant_test VALUES (64, 109, 2.9);
INSERT INTO etudiant_test VALUES (65, 109, 4.3);
INSERT INTO etudiant_test VALUES (66, 109, 2.8);

INSERT INTO etudiant_test VALUES (57, 163, 2.3);
INSERT INTO etudiant_test VALUES (58, 163, 2.6);
INSERT INTO etudiant_test VALUES (59, 163, 3.0);
INSERT INTO etudiant_test VALUES (60, 163, 5.7);
INSERT INTO etudiant_test VALUES (61, 163, 3.7);
INSERT INTO etudiant_test VALUES (62, 163, 3.6);
INSERT INTO etudiant_test VALUES (63, 163, 2.1);
INSERT INTO etudiant_test VALUES (64, 163, 5.1);
INSERT INTO etudiant_test VALUES (65, 163, 3.7);
INSERT INTO etudiant_test VALUES (66, 163, 2.6);

INSERT INTO etudiant_test VALUES (57, 52, 5.3);
INSERT INTO etudiant_test VALUES (58, 52, 4.5);
INSERT INTO etudiant_test VALUES (59, 52, 4.2);
INSERT INTO etudiant_test VALUES (60, 52, 5.8);
INSERT INTO etudiant_test VALUES (61, 52, 3.5);

INSERT INTO etudiant_test VALUES (57, 53, 4.4);
INSERT INTO etudiant_test VALUES (58, 53, 2.9);
INSERT INTO etudiant_test VALUES (59, 53, 4.3);
INSERT INTO etudiant_test VALUES (60, 53, 5.4);
INSERT INTO etudiant_test VALUES (61, 53, 4.0);

INSERT INTO etudiant_test VALUES (57, 54, 2.2);
INSERT INTO etudiant_test VALUES (58, 54, 4.9);
INSERT INTO etudiant_test VALUES (59, 54, 4.4);
INSERT INTO etudiant_test VALUES (60, 54, 2.1);
INSERT INTO etudiant_test VALUES (61, 54, 5.9);

INSERT INTO etudiant_test VALUES (62, 55, 4.0);
INSERT INTO etudiant_test VALUES (63, 55, 3.1);
INSERT INTO etudiant_test VALUES (64, 55, 3.9);
INSERT INTO etudiant_test VALUES (65, 55, 4.3);
INSERT INTO etudiant_test VALUES (66, 55, 5.7);

INSERT INTO etudiant_test VALUES (62, 56, 3.0);
INSERT INTO etudiant_test VALUES (63, 56, 4.7);
INSERT INTO etudiant_test VALUES (64, 56, 3.6);
INSERT INTO etudiant_test VALUES (65, 56, 4.8);
INSERT INTO etudiant_test VALUES (66, 56, 4.1);

INSERT INTO etudiant_test VALUES (62, 57, 4.8);
INSERT INTO etudiant_test VALUES (63, 57, 2.7);
INSERT INTO etudiant_test VALUES (64, 57, 5.4);
INSERT INTO etudiant_test VALUES (65, 57, 3.7);
INSERT INTO etudiant_test VALUES (66, 57, 5.3);

-- SET PGSQL pointers
SELECT setval('personne_id_seq', (SELECT MAX(id) FROM personne), true);
SELECT setval('cours_id_seq', (SELECT MAX(id) FROM cours), true);
SELECT setval('test_id_seq', (SELECT MAX(id) FROM test), true);